,Date,Crude
0,1982-08-20,338764
1,1982-08-27,336138
2,1982-09-24,335586
3,1982-10-01,334786
4,1982-10-08,335260
5,1982-10-15,326979
6,1982-10-22,334370
7,1982-10-29,333067
8,1982-11-05,331057
9,1982-11-12,323448
10,1982-11-19,331264
11,1982-11-26,325639
12,1982-12-03,332447
13,1982-12-10,337943
14,1982-12-17,338912
15,1982-12-24,335061
16,1982-12-31,330150
17,1983-01-07,326701
18,1983-01-14,339028
19,1983-01-21,334178
20,1983-01-28,339617
21,1983-02-04,332527
22,1983-02-11,338719
23,1983-02-18,342040
24,1983-02-25,349452
25,1983-03-04,339216
26,1983-03-11,341753
27,1983-03-18,335901
28,1983-03-25,337155
29,1983-04-01,331215
30,1983-04-08,335263
31,1983-04-15,340539
32,1983-04-29,342707
33,1983-05-13,342703
34,1983-05-20,345545
35,1983-06-03,334607
36,1983-06-10,333407
37,1983-06-17,332713
38,1983-06-24,331611
39,1983-07-01,333387
40,1983-07-08,326776
41,1983-07-15,324265
42,1983-07-22,323643
43,1983-07-29,326267
44,1983-08-05,322642
45,1983-08-12,314861
46,1983-08-19,320879
47,1983-08-26,325015
48,1983-09-02,328895
49,1983-09-09,326370
50,1983-09-16,328092
51,1983-09-23,328203
52,1983-09-30,329028
53,1983-10-07,331723
54,1983-10-14,334292
55,1983-10-21,331681
56,1983-10-28,324210
57,1983-11-04,335837
58,1983-11-11,339341
59,1983-11-18,334859
60,1983-11-25,330704
61,1983-12-02,326264
62,1983-12-09,332192
63,1983-12-16,330911
64,1983-12-23,326469
65,1983-12-30,327028
66,1984-01-06,328070
67,1984-01-13,331804
68,1984-01-20,327811
69,1984-01-27,324301
70,1984-02-03,320842
71,1984-02-10,320037
72,1984-02-17,322097
73,1984-02-24,317999
74,1984-03-02,317746
75,1984-03-09,313132
76,1984-03-16,312445
77,1984-03-23,309072
78,1984-03-30,310506
79,1984-04-06,320689
80,1984-04-13,324087
81,1984-04-20,323505
82,1984-04-27,319724
83,1984-05-04,326633
84,1984-05-11,332296
85,1984-05-18,340510
86,1984-05-25,332465
87,1984-06-01,339659
88,1984-06-08,342189
89,1984-06-15,338234
90,1984-06-22,331714
91,1984-06-29,335999
92,1984-07-06,330378
93,1984-07-13,333149
94,1984-07-20,339830
95,1984-07-27,331607
96,1984-08-03,332398
97,1984-08-10,333554
98,1984-08-17,323344
99,1984-08-24,326092
100,1984-08-31,321597
101,1984-09-07,318672
102,1984-09-14,318007
103,1984-09-21,306957
104,1984-09-28,308426
105,1984-10-05,311211
106,1984-10-12,318610
107,1984-10-19,315273
108,1984-10-26,320900
109,1984-11-02,314922
110,1984-11-09,325115
111,1984-11-16,334201
112,1984-11-23,332639
113,1984-11-30,325608
114,1984-12-07,322292
115,1984-12-14,331783
116,1984-12-21,320537
117,1984-12-28,322281
118,1985-01-04,319923
119,1985-01-11,324107
120,1985-01-18,326508
121,1985-01-25,317918
122,1985-02-01,309460
123,1985-02-08,305989
124,1985-02-15,298076
125,1985-02-22,295928
126,1985-03-01,298757
127,1985-03-08,303198
128,1985-03-15,307344
129,1985-03-22,310423
130,1985-03-29,313149
131,1985-04-05,302000
132,1985-04-12,304744
133,1985-04-19,309715
134,1985-04-26,322205
135,1985-05-03,330347
136,1985-05-10,327605
137,1985-05-17,328263
138,1985-05-24,333896
139,1985-05-31,333399
140,1985-06-07,330564
141,1985-06-14,331306
142,1985-06-21,330077
143,1985-06-28,323682
144,1985-07-05,320782
145,1985-07-12,314931
146,1985-07-19,313728
147,1985-07-26,307219
148,1985-08-02,302128
149,1985-08-09,307275
150,1985-08-16,304954
151,1985-08-23,294068
152,1985-08-30,299740
153,1985-09-06,294402
154,1985-09-13,294828
155,1985-09-20,289541
156,1985-09-27,291175
157,1985-10-04,294662
158,1985-10-11,302337
159,1985-10-18,294952
160,1985-10-25,298122
161,1985-11-01,290776
162,1985-11-08,290134
163,1985-11-15,288284
164,1985-11-22,291676
165,1985-11-29,294140
166,1985-12-06,300376
167,1985-12-13,296771
168,1985-12-20,300234
169,1985-12-27,298551
170,1986-01-03,305147
171,1986-01-10,299779
172,1986-01-17,297979
173,1986-01-24,305632
174,1986-01-31,302996
175,1986-02-07,311382
176,1986-02-14,306754
177,1986-02-21,300623
178,1986-02-28,310183
179,1986-03-07,313853
180,1986-03-14,312567
181,1986-03-21,314941
182,1986-03-28,323395
183,1986-04-04,316315
184,1986-04-11,319613
185,1986-04-18,317219
186,1986-04-25,311499
187,1986-05-02,317285
188,1986-05-09,311336
189,1986-05-16,303348
190,1986-05-23,308590
191,1986-05-30,305568
192,1986-06-06,310824
193,1986-06-13,299249
194,1986-06-20,302543
195,1986-06-27,303908
196,1986-07-04,299341
197,1986-07-11,298871
198,1986-07-18,307065
199,1986-07-25,310051
200,1986-08-01,320012
201,1986-08-08,312924
202,1986-08-15,310871
203,1986-08-22,308755
204,1986-08-29,310955
205,1986-09-05,306246
206,1986-09-12,310490
207,1986-09-19,307280
208,1986-09-26,313278
209,1986-10-03,315751
210,1986-10-10,313010
211,1986-10-17,320001
212,1986-10-24,318425
213,1986-10-31,327758
214,1986-11-07,315272
215,1986-11-14,319679
216,1986-11-21,318454
217,1986-11-28,321037
218,1986-12-05,317980
219,1986-12-12,321059
220,1986-12-19,317982
221,1986-12-26,306597
222,1987-01-02,307823
223,1987-01-09,316926
224,1987-01-16,307260
225,1987-01-23,304234
226,1987-01-30,309455
227,1987-02-06,308479
228,1987-02-13,307917
229,1987-02-20,308205
230,1987-02-27,311491
231,1987-03-06,310363
232,1987-03-13,305895
233,1987-03-20,313392
234,1987-03-27,308038
235,1987-04-03,314031
236,1987-04-10,308491
237,1987-04-17,299466
238,1987-04-24,298167
239,1987-05-01,307567
240,1987-05-08,302611
241,1987-05-15,300278
242,1987-05-22,303381
243,1987-05-29,299567
244,1987-06-05,300954
245,1987-06-12,301345
246,1987-06-19,301883
247,1987-06-26,304454
248,1987-07-03,304943
249,1987-07-10,302862
250,1987-07-17,298706
251,1987-07-24,301702
252,1987-07-31,307077
253,1987-08-07,300958
254,1987-08-14,302412
255,1987-08-21,309220
256,1987-08-28,309451
257,1987-09-04,313494
258,1987-09-11,312686
259,1987-09-18,312588
260,1987-09-25,316043
261,1987-10-02,314186
262,1987-10-09,310961
263,1987-10-16,313755
264,1987-10-23,316857
265,1987-10-30,328896
266,1987-11-06,333255
267,1987-11-13,335157
268,1987-11-20,338198
269,1987-11-27,335814
270,1987-12-04,337304
271,1987-12-11,338654
272,1987-12-18,340670
273,1987-12-25,339178
274,1988-01-01,333655
275,1988-01-08,320851
276,1988-01-15,320568
277,1988-01-22,319760
278,1988-01-29,316008
279,1988-02-05,317127
280,1988-02-12,312386
281,1988-02-19,320876
282,1988-02-26,324061
283,1988-03-04,325274
284,1988-03-11,325188
285,1988-03-18,328937
286,1988-03-25,327289
287,1988-04-01,328537
288,1988-04-08,333705
289,1988-04-15,333296
290,1988-04-22,338077
291,1988-04-29,335042
292,1988-05-06,340335
293,1988-05-13,343544
294,1988-05-20,345463
295,1988-05-27,341208
296,1988-06-03,343019
297,1988-06-10,340370
298,1988-06-17,344567
299,1988-06-24,341838
300,1988-07-01,342310
301,1988-07-08,339783
302,1988-07-15,334259
303,1988-07-22,330751
304,1988-07-29,332365
305,1988-08-05,330335
306,1988-08-12,327971
307,1988-08-19,323205
308,1988-08-26,318511
309,1988-09-02,313544
310,1988-09-09,311683
311,1988-09-16,305143
312,1988-09-23,300430
313,1988-09-30,306036
314,1988-10-07,305450
315,1988-10-14,310447
316,1988-10-21,315085
317,1988-10-28,316401
318,1988-11-04,322097
319,1988-11-11,318675
320,1988-11-18,326823
321,1988-11-25,322409
322,1988-12-02,319749
323,1988-12-09,324248
324,1988-12-16,318990
325,1988-12-23,314765
326,1988-12-30,313654
327,1989-01-06,305576
328,1989-01-13,302665
329,1989-01-20,306513
330,1989-01-27,307008
331,1989-02-03,313945
332,1989-02-10,305217
333,1989-02-17,306065
334,1989-02-24,305255
335,1989-03-03,315037
336,1989-03-10,313828
337,1989-03-17,318360
338,1989-03-24,317835
339,1989-03-31,307789
340,1989-04-07,306513
341,1989-04-14,302086
342,1989-04-21,312478
343,1989-04-28,316567
344,1989-05-05,327039
345,1989-05-12,328885
346,1989-05-19,322400
347,1989-05-26,320489
348,1989-06-02,324887
349,1989-06-09,321641
350,1989-06-16,319223
351,1989-06-23,322738
352,1989-06-30,315455
353,1989-07-07,315749
354,1989-07-14,313424
355,1989-07-21,312422
356,1989-07-28,313680
357,1989-08-04,313202
358,1989-08-11,310165
359,1989-08-18,319131
360,1989-08-25,318038
361,1989-09-01,317963
362,1989-09-08,320241
363,1989-09-15,309387
364,1989-09-22,310542
365,1989-09-29,313121
366,1989-10-06,318394
367,1989-10-13,323920
368,1989-10-20,317150
369,1989-10-27,322286
370,1989-11-03,320398
371,1989-11-10,327954
372,1989-11-17,327780
373,1989-11-24,324125
374,1989-12-01,332385
375,1989-12-08,323052
376,1989-12-15,328006
377,1989-12-22,325360
378,1989-12-29,324280
379,1990-01-05,324222
380,1990-01-12,327819
381,1990-01-19,326173
382,1990-01-26,324123
383,1990-02-02,334128
384,1990-02-09,329316
385,1990-02-16,326869
386,1990-02-23,322293
387,1990-03-02,325816
388,1990-03-09,332142
389,1990-03-16,330696
390,1990-03-23,339931
391,1990-03-30,342865
392,1990-04-06,349942
393,1990-04-13,350859
394,1990-04-20,349299
395,1990-04-27,353507
396,1990-05-04,353485
397,1990-05-11,358198
398,1990-05-18,361994
399,1990-05-25,362719
400,1990-06-01,365618
401,1990-06-08,367486
402,1990-06-15,367001
403,1990-06-22,367704
404,1990-06-29,368708
405,1990-07-06,365658
406,1990-07-13,370201
407,1990-07-20,368024
408,1990-07-27,372593
409,1990-08-03,364848
410,1990-08-10,360003
411,1990-08-17,360333
412,1990-08-24,361957
413,1990-08-31,356710
414,1990-09-07,359583
415,1990-09-14,353936
416,1990-09-21,348211
417,1990-09-28,338384
418,1990-10-05,336271
419,1990-10-12,328752
420,1990-10-19,325992
421,1990-10-26,327234
422,1990-11-02,331392
423,1990-11-09,333036
424,1990-11-16,327293
425,1990-11-23,324268
426,1990-11-30,326855
427,1990-12-07,321412
428,1990-12-14,320154
429,1990-12-21,321992
430,1990-12-28,315920
431,1991-01-04,307542
432,1991-01-11,308440
433,1991-01-18,307051
434,1991-01-25,307043
435,1991-02-01,310149
436,1991-02-08,311359
437,1991-02-15,317278
438,1991-02-22,316183
439,1991-03-01,315962
440,1991-03-08,314290
441,1991-03-15,320665
442,1991-03-22,321538
443,1991-03-29,326275
444,1991-04-05,321264
445,1991-04-12,325762
446,1991-04-19,322676
447,1991-04-26,328220
448,1991-05-03,324141
449,1991-05-10,323906
450,1991-05-17,329898
451,1991-05-24,329325
452,1991-05-31,336202
453,1991-06-07,337008
454,1991-06-14,337807
455,1991-06-21,336429
456,1991-06-28,333376
457,1991-07-05,334579
458,1991-07-12,333524
459,1991-07-19,331739
460,1991-07-26,327970
461,1991-08-02,328659
462,1991-08-09,330373
463,1991-08-16,328440
464,1991-08-23,333744
465,1991-08-30,335646
466,1991-09-06,325886
467,1991-09-13,319319
468,1991-09-20,319450
469,1991-09-27,324157
470,1991-10-04,323069
471,1991-10-11,326402
472,1991-10-18,323942
473,1991-10-25,332763
474,1991-11-01,326645
475,1991-11-08,330460
476,1991-11-15,335596
477,1991-11-22,329588
478,1991-11-29,324131
479,1991-12-06,329127
480,1991-12-13,323089
481,1991-12-20,318937
482,1991-12-27,308857
483,1992-01-03,314823
484,1992-01-10,318314
485,1992-01-17,317138
486,1992-01-24,322809
487,1992-01-31,318393
488,1992-02-07,318207
489,1992-02-14,316400
490,1992-02-21,319575
491,1992-02-28,326596
492,1992-03-06,332894
493,1992-03-13,327449
494,1992-03-20,330980
495,1992-03-27,325460
496,1992-04-03,321859
497,1992-04-10,330314
498,1992-04-17,333120
499,1992-04-24,333922
500,1992-05-01,335376
501,1992-05-08,334716
502,1992-05-15,336011
503,1992-05-22,331422
504,1992-05-29,328776
505,1992-06-05,329598
506,1992-06-12,330394
507,1992-06-19,324093
508,1992-06-26,313189
509,1992-07-03,312195
510,1992-07-10,314858
511,1992-07-17,308493
512,1992-07-24,308467
513,1992-07-31,314258
514,1992-08-07,312486
515,1992-08-14,311493
516,1992-08-21,316097
517,1992-08-28,308645
518,1992-09-04,310794
519,1992-09-11,310111
520,1992-09-18,310947
521,1992-09-25,306213
522,1992-10-02,309071
523,1992-10-09,308292
524,1992-10-16,310536
525,1992-10-23,311561
526,1992-10-30,314967
527,1992-11-06,308578
528,1992-11-13,301537
529,1992-11-20,307093
530,1992-11-27,308640
531,1992-12-04,307589
532,1992-12-11,313161
533,1992-12-18,312842
534,1992-12-25,301053
535,1993-01-01,301973
536,1993-01-08,299341
537,1993-01-15,307272
538,1993-01-22,306106
539,1993-01-29,308108
540,1993-02-05,311717
541,1993-02-12,318408
542,1993-02-19,308086
543,1993-02-26,315969
544,1993-03-05,321897
545,1993-03-12,327504
546,1993-03-19,314322
547,1993-03-26,322220
548,1993-04-02,322889
549,1993-04-09,334413
550,1993-04-16,325153
551,1993-04-23,326248
552,1993-04-30,328945
553,1993-05-07,329635
554,1993-05-14,335087
555,1993-05-21,338201
556,1993-05-28,334383
557,1993-06-04,332686
558,1993-06-11,324772
559,1993-06-18,334025
560,1993-06-25,340315
561,1993-07-02,331995
562,1993-07-09,335417
563,1993-07-16,343583
564,1993-07-23,338056
565,1993-07-30,333639
566,1993-08-06,334659
567,1993-08-13,330153
568,1993-08-20,325426
569,1993-08-27,326782
570,1993-09-03,320499
571,1993-09-10,321821
572,1993-09-17,321610
573,1993-09-24,312084
574,1993-10-01,309991
575,1993-10-08,314249
576,1993-10-15,309375
577,1993-10-22,316800
578,1993-10-29,318584
579,1993-11-05,315239
580,1993-11-12,320250
581,1993-11-19,314738
582,1993-11-26,316131
583,1993-12-03,321509
584,1993-12-10,327837
585,1993-12-17,330247
586,1993-12-24,330079
587,1993-12-31,323542
588,1994-01-07,316593
589,1994-01-14,316399
590,1994-01-21,310921
591,1994-01-28,314011
592,1994-02-04,317837
593,1994-02-11,313482
594,1994-02-18,316510
595,1994-02-25,309328
596,1994-03-04,316945
597,1994-03-11,311869
598,1994-03-18,323772
599,1994-03-25,318641
600,1994-04-01,318717
601,1994-04-08,319232
602,1994-04-15,321163
603,1994-04-22,321241
604,1994-04-29,322151
605,1994-05-06,316458
606,1994-05-13,315520
607,1994-05-20,317174
608,1994-05-27,316080
609,1994-06-03,311596
610,1994-06-10,308787
611,1994-06-17,307220
612,1994-06-24,310699
613,1994-07-01,311642
614,1994-07-08,311816
615,1994-07-15,314998
616,1994-07-22,318255
617,1994-07-29,312403
618,1994-08-05,309883
619,1994-08-12,312998
620,1994-08-19,310161
621,1994-08-26,307717
622,1994-09-02,307532
623,1994-09-09,307270
624,1994-09-16,308725
625,1994-09-23,314620
626,1994-09-30,317891
627,1994-10-07,316959
628,1994-10-14,321399
629,1994-10-21,319570
630,1994-10-28,328905
631,1994-11-04,327917
632,1994-11-11,327189
633,1994-11-18,324211
634,1994-11-25,321739
635,1994-12-02,321693
636,1994-12-09,320205
637,1994-12-16,319550
638,1994-12-23,320236
639,1994-12-30,312846
640,1995-01-06,314560
641,1995-01-13,313278
642,1995-01-20,306864
643,1995-01-27,306583
644,1995-02-03,309810
645,1995-02-10,303476
646,1995-02-17,310839
647,1995-02-24,305268
648,1995-03-03,308234
649,1995-03-10,308719
650,1995-03-17,309258
651,1995-03-24,313308
652,1995-03-31,321069
653,1995-04-07,318266
654,1995-04-14,319450
655,1995-04-21,322472
656,1995-04-28,318365
657,1995-05-05,316444
658,1995-05-12,317267
659,1995-05-19,313118
660,1995-05-26,310099
661,1995-06-02,307943
662,1995-06-09,307390
663,1995-06-16,306901
664,1995-06-23,299434
665,1995-06-30,303160
666,1995-07-07,301985
667,1995-07-14,301968
668,1995-07-21,295085
669,1995-07-28,298034
670,1995-08-04,291165
671,1995-08-11,293670
672,1995-08-18,286280
673,1995-08-25,289233
674,1995-09-01,296654
675,1995-09-08,292052
676,1995-09-15,291145
677,1995-09-22,290595
678,1995-09-29,285540
679,1995-10-06,281156
680,1995-10-13,281131
681,1995-10-20,283307
682,1995-10-27,284831
683,1995-11-03,288122
684,1995-11-10,286496
685,1995-11-17,296105
686,1995-11-24,302184
687,1995-12-01,299072
688,1995-12-08,294812
689,1995-12-15,300674
690,1995-12-22,294817
691,1995-12-29,284591
692,1996-01-05,285623
693,1996-01-12,288551
694,1996-01-19,292829
695,1996-01-26,291084
696,1996-02-02,288674
697,1996-02-09,286440
698,1996-02-16,283380
699,1996-02-23,283723
700,1996-03-01,280448
701,1996-03-08,288673
702,1996-03-15,283404
703,1996-03-22,282187
704,1996-03-29,280124
705,1996-04-05,282424
706,1996-04-12,283823
707,1996-04-19,279794
708,1996-04-26,279424
709,1996-05-03,286604
710,1996-05-10,284902
711,1996-05-17,280450
712,1996-05-24,281578
713,1996-05-31,293515
714,1996-06-07,291863
715,1996-06-14,288853
716,1996-06-21,289709
717,1996-06-28,296562
718,1996-07-05,298222
719,1996-07-12,295695
720,1996-07-19,291857
721,1996-07-26,292972
722,1996-08-02,290295
723,1996-08-09,289134
724,1996-08-16,291014
725,1996-08-23,300715
726,1996-08-30,295650
727,1996-09-06,292562
728,1996-09-13,290575
729,1996-09-20,291751
730,1996-09-27,286638
731,1996-10-04,286261
732,1996-10-11,282960
733,1996-10-18,288701
734,1996-10-25,285642
735,1996-11-01,295892
736,1996-11-08,290762
737,1996-11-15,288297
738,1996-11-22,283501
739,1996-11-29,283728
740,1996-12-06,282735
741,1996-12-13,279788
742,1996-12-20,273685
743,1996-12-27,276127
744,1997-01-03,267904
745,1997-01-10,272956
746,1997-01-17,271491
747,1997-01-24,274863
748,1997-01-31,280898
749,1997-02-07,284247
750,1997-02-14,288732
751,1997-02-21,288568
752,1997-02-28,283145
753,1997-03-07,288475
754,1997-03-14,288585
755,1997-03-21,287497
756,1997-03-28,293843
757,1997-04-04,294041
758,1997-04-11,296665
759,1997-04-18,298115
760,1997-04-25,300941
761,1997-05-02,300885
762,1997-05-09,307280
763,1997-05-16,301845
764,1997-05-23,305059
765,1997-05-30,309261
766,1997-06-06,308845
767,1997-06-13,307589
768,1997-06-20,307126
769,1997-06-27,301399
770,1997-07-04,306218
771,1997-07-11,303759
772,1997-07-18,301774
773,1997-07-25,291884
774,1997-08-01,291120
775,1997-08-08,296258
776,1997-08-15,296882
777,1997-08-22,291628
778,1997-08-29,290026
779,1997-09-05,283928
780,1997-09-12,287722
781,1997-09-19,283839
782,1997-09-26,285157
783,1997-10-03,289944
784,1997-10-10,287772
785,1997-10-17,284474
786,1997-10-24,289079
787,1997-10-31,295098
788,1997-11-07,293789
789,1997-11-14,299075
790,1997-11-21,302849
791,1997-11-28,305669
792,1997-12-05,300911
793,1997-12-12,303451
794,1997-12-19,299482
795,1997-12-26,296230
796,1998-01-02,289764
797,1998-01-09,288685
798,1998-01-16,299897
799,1998-01-23,305583
800,1998-01-30,304961
801,1998-02-06,304983
802,1998-02-13,306685
803,1998-02-20,309568
804,1998-02-27,307969
805,1998-03-06,307194
806,1998-03-13,305137
807,1998-03-20,311606
808,1998-03-27,313200
809,1998-04-03,314569
810,1998-04-10,319899
811,1998-04-17,324906
812,1998-04-24,325209
813,1998-05-01,327368
814,1998-05-08,326705
815,1998-05-15,337928
816,1998-05-22,334682
817,1998-05-29,330394
818,1998-06-05,329534
819,1998-06-12,326836
820,1998-06-19,325182
821,1998-06-26,326843
822,1998-07-03,324057
823,1998-07-10,317425
824,1998-07-17,322966
825,1998-07-24,326795
826,1998-07-31,327478
827,1998-08-07,328423
828,1998-08-14,327887
829,1998-08-21,321012
830,1998-08-28,320694
831,1998-09-04,312057
832,1998-09-11,309675
833,1998-09-18,300336
834,1998-09-25,303433
835,1998-10-02,305893
836,1998-10-09,312682
837,1998-10-16,316227
838,1998-10-23,319964
839,1998-10-30,323739
840,1998-11-06,322932
841,1998-11-13,320397
842,1998-11-20,325554
843,1998-11-27,319986
844,1998-12-04,318465
845,1998-12-11,321884
846,1998-12-18,323364
847,1998-12-25,320706
848,1999-01-01,305728
849,1999-01-08,308268
850,1999-01-15,310975
851,1999-01-22,314148
852,1999-01-29,316730
853,1999-02-05,317131
854,1999-02-12,315393
855,1999-02-19,318431
856,1999-02-26,315274
857,1999-03-05,318266
858,1999-03-12,321929
859,1999-03-19,324736
860,1999-03-26,328539
861,1999-04-02,326768
862,1999-04-09,328885
863,1999-04-16,325729
864,1999-04-23,322286
865,1999-04-30,320145
866,1999-05-07,317539
867,1999-05-14,318092
868,1999-05-21,315769
869,1999-05-28,314722
870,1999-06-04,316858
871,1999-06-11,318672
872,1999-06-18,315949
873,1999-06-25,314225
874,1999-07-02,314030
875,1999-07-09,317718
876,1999-07-16,318092
877,1999-07-23,312916
878,1999-07-30,309516
879,1999-08-06,307249
880,1999-08-13,305616
881,1999-08-20,301091
882,1999-08-27,301653
883,1999-09-03,297212
884,1999-09-10,292930
885,1999-09-17,293119
886,1999-09-24,288862
887,1999-10-01,288395
888,1999-10-08,281186
889,1999-10-15,284609
890,1999-10-22,284878
891,1999-10-29,288599
892,1999-11-05,288955
893,1999-11-12,290755
894,1999-11-19,287692
895,1999-11-26,283338
896,1999-12-03,283063
897,1999-12-10,277477
898,1999-12-17,276646
899,1999-12-24,276345
900,1999-12-31,274626
901,2000-01-07,277549
902,2000-01-14,277464
903,2000-01-21,275032
904,2000-01-28,266614
905,2000-02-04,269982
906,2000-02-11,269796
907,2000-02-18,269487
908,2000-02-25,269816
909,2000-03-03,274502
910,2000-03-10,274933
911,2000-03-17,276572
912,2000-03-24,276422
913,2000-03-31,277924
914,2000-04-07,280771
915,2000-04-14,286265
916,2000-04-21,291335
917,2000-04-28,288071
918,2000-05-05,292607
919,2000-05-12,292857
920,2000-05-19,293806
921,2000-05-26,289205
922,2000-06-02,285075
923,2000-06-09,283639
924,2000-06-16,279078
925,2000-06-23,279405
926,2000-06-30,277611
927,2000-07-07,278885
928,2000-07-14,278400
929,2000-07-21,278674
930,2000-07-28,268121
931,2000-08-04,269659
932,2000-08-11,273059
933,2000-08-18,268901
934,2000-08-25,270948
935,2000-09-01,273691
936,2000-09-08,272764
937,2000-09-15,270282
938,2000-09-22,269781
939,2000-09-29,270873
940,2000-10-06,271752
941,2000-10-13,267235
942,2000-10-20,269640
943,2000-10-27,268151
944,2000-11-03,266594
945,2000-11-10,268091
946,2000-11-17,274255
947,2000-11-24,274177
948,2000-12-01,276195
949,2000-12-08,272826
950,2000-12-15,275859
951,2000-12-22,274608
952,2000-12-29,272771
953,2001-01-05,272072
954,2001-01-12,271062
955,2001-01-19,269952
956,2001-01-26,266382
957,2001-02-02,269298
958,2001-02-09,272662
959,2001-02-16,260782
960,2001-02-23,263661
961,2001-03-02,260949
962,2001-03-09,268920
963,2001-03-16,273922
964,2001-03-23,285110
965,2001-03-30,286795
966,2001-04-06,290606
967,2001-04-13,296817
968,2001-04-20,295392
969,2001-04-27,301717
970,2001-05-04,302335
971,2001-05-11,304811
972,2001-05-18,308153
973,2001-05-25,306411
974,2001-06-01,307913
975,2001-06-08,299709
976,2001-06-15,298981
977,2001-06-22,298973
978,2001-06-29,294220
979,2001-07-06,291112
980,2001-07-13,298133
981,2001-07-20,299513
982,2001-07-27,298463
983,2001-08-03,291804
984,2001-08-10,288954
985,2001-08-17,284951
986,2001-08-24,287648
987,2001-08-31,285694
988,2001-09-07,286655
989,2001-09-14,286029
990,2001-09-21,289215
991,2001-09-28,290827
992,2001-10-05,290699
993,2001-10-12,286259
994,2001-10-19,289082
995,2001-10-26,291538
996,2001-11-02,295552
997,2001-11-09,295285
998,2001-11-16,294065
999,2001-11-23,290885
1000,2001-11-30,295140
1001,2001-12-07,292803
1002,2001-12-14,293164
1003,2001-12-21,295777
1004,2001-12-28,293607
1005,2002-01-04,294406
1006,2002-01-11,295434
1007,2002-01-18,298183
1008,2002-01-25,300289
1009,2002-02-01,302497
1010,2002-02-08,304998
1011,2002-02-15,301890
1012,2002-02-22,299422
1013,2002-03-01,303756
1014,2002-03-08,304089
1015,2002-03-15,306697
1016,2002-03-22,302253
1017,2002-03-29,308278
1018,2002-04-05,308541
1019,2002-04-12,302876
1020,2002-04-19,304462
1021,2002-04-26,309034
1022,2002-05-03,303358
1023,2002-05-10,299171
1024,2002-05-17,303801
1025,2002-05-24,302265
1026,2002-05-31,308297
1027,2002-06-07,307115
1028,2002-06-14,306632
1029,2002-06-21,303193
1030,2002-06-28,304766
1031,2002-07-05,300361
1032,2002-07-12,298381
1033,2002-07-19,294699
1034,2002-07-26,292722
1035,2002-08-02,290642
1036,2002-08-09,283437
1037,2002-08-16,286290
1038,2002-08-23,286554
1039,2002-08-30,281926
1040,2002-09-06,276874
1041,2002-09-13,271470
1042,2002-09-20,268878
1043,2002-09-27,258896
1044,2002-10-04,254248
1045,2002-10-11,263223
1046,2002-10-18,270000
1047,2002-10-25,270914
1048,2002-11-01,274396
1049,2002-11-08,267506
1050,2002-11-15,271961
1051,2002-11-22,268062
1052,2002-11-29,271138
1053,2002-12-06,272561
1054,2002-12-13,270500
1055,2002-12-20,271215
1056,2002-12-27,262089
1057,2003-01-03,262508
1058,2003-01-10,256079
1059,2003-01-17,257664
1060,2003-01-24,257156
1061,2003-01-31,258100
1062,2003-02-07,253779
1063,2003-02-14,256837
1064,2003-02-21,255803
1065,2003-02-28,257500
1066,2003-03-07,253212
1067,2003-03-14,253684
1068,2003-03-21,257389
1069,2003-03-28,264122
1070,2003-04-04,260624
1071,2003-04-11,260756
1072,2003-04-18,269727
1073,2003-04-25,271549
1074,2003-05-02,271099
1075,2003-05-09,268376
1076,2003-05-16,269040
1077,2003-05-23,270067
1078,2003-05-30,272931
1079,2003-06-06,268240
1080,2003-06-13,272224
1081,2003-06-20,268079
1082,2003-06-27,265963
1083,2003-07-04,265819
1084,2003-07-11,262189
1085,2003-07-18,259850
1086,2003-07-25,260944
1087,2003-08-01,264082
1088,2003-08-08,264262
1089,2003-08-15,262676
1090,2003-08-22,262492
1091,2003-08-29,264253
1092,2003-09-05,259784
1093,2003-09-12,262933
1094,2003-09-19,264423
1095,2003-09-26,264376
1096,2003-10-03,269223
1097,2003-10-10,273020
1098,2003-10-17,271225
1099,2003-10-24,274865
1100,2003-10-31,274914
1101,2003-11-07,273975
1102,2003-11-14,276885
1103,2003-11-21,271996
1104,2003-11-28,267167
1105,2003-12-05,261722
1106,2003-12-12,256598
1107,2003-12-19,258243
1108,2003-12-26,254466
1109,2004-01-02,252611
1110,2004-01-09,247627
1111,2004-01-16,248839
1112,2004-01-23,247323
1113,2004-01-30,255245
1114,2004-02-06,252192
1115,2004-02-13,257092
1116,2004-02-20,257092
1117,2004-02-27,259092
1118,2004-03-05,262729
1119,2004-03-12,264309
1120,2004-03-19,271841
1121,2004-03-26,277539
1122,2004-04-02,276118
1123,2004-04-09,279266
1124,2004-04-16,279474
1125,2004-04-23,282653
1126,2004-04-30,282748
1127,2004-05-07,283676
1128,2004-05-14,282580
1129,2004-05-21,282605
1130,2004-05-28,285384
1131,2004-06-04,286099
1132,2004-06-11,286951
1133,2004-06-18,289366
1134,2004-06-25,288862
1135,2004-07-02,288952
1136,2004-07-09,286780
1137,2004-07-16,283207
1138,2004-07-23,284379
1139,2004-07-30,282564
1140,2004-08-06,278427
1141,2004-08-13,277216
1142,2004-08-20,275516
1143,2004-08-27,271284
1144,2004-09-03,269754
1145,2004-09-10,262742
1146,2004-09-17,253630
1147,2004-09-24,257031
1148,2004-10-01,257912
1149,2004-10-08,262115
1150,2004-10-15,263313
1151,2004-10-22,267257
1152,2004-10-29,273529
1153,2004-11-05,275232
1154,2004-11-12,276047
1155,2004-11-19,276132
1156,2004-11-26,276981
1157,2004-12-03,277522
1158,2004-12-10,277396
1159,2004-12-17,279520
1160,2004-12-24,278661
1161,2004-12-31,275442
1162,2005-01-07,273060
1163,2005-01-14,276461
1164,2005-01-21,279890
1165,2005-01-28,279566
1166,2005-02-04,278156
1167,2005-02-11,280298
1168,2005-02-18,280906
1169,2005-02-25,283301
1170,2005-03-04,286276
1171,2005-03-11,288869
1172,2005-03-18,292966
1173,2005-03-25,298349
1174,2005-04-01,301151
1175,2005-04-08,304805
1176,2005-04-15,303032
1177,2005-04-22,308447
1178,2005-04-29,311127
1179,2005-05-06,313562
1180,2005-05-13,317905
1181,2005-05-20,316218
1182,2005-05-27,317706
1183,2005-06-03,314711
1184,2005-06-10,312928
1185,2005-06-17,311349
1186,2005-06-24,312453
1187,2005-07-01,308884
1188,2005-07-08,304985
1189,2005-07-15,304085
1190,2005-07-22,301840
1191,2005-07-29,302036
1192,2005-08-05,304790
1193,2005-08-12,305031
1194,2005-08-19,306883
1195,2005-08-26,305363
1196,2005-09-02,298938
1197,2005-09-09,292378
1198,2005-09-16,292056
1199,2005-09-23,289644
1200,2005-09-30,289398
1201,2005-10-07,290324
1202,2005-10-14,295879
1203,2005-10-21,300293
1204,2005-10-28,303027
1205,2005-11-04,307436
1206,2005-11-11,305277
1207,2005-11-18,305631
1208,2005-11-25,301443
1209,2005-12-02,304230
1210,2005-12-09,305122
1211,2005-12-16,306422
1212,2005-12-23,306540
1213,2005-12-30,305527
1214,2006-01-06,302584
1215,2006-01-13,305325
1216,2006-01-20,303016
1217,2006-01-27,304935
1218,2006-02-03,304523
1219,2006-02-10,309376
1220,2006-02-17,310497
1221,2006-02-24,312135
1222,2006-03-03,318776
1223,2006-03-10,323612
1224,2006-03-17,322302
1225,2006-03-24,324332
1226,2006-03-31,326442
1227,2006-04-07,329594
1228,2006-04-14,328788
1229,2006-04-21,328562
1230,2006-04-28,330289
1231,2006-05-05,330615
1232,2006-05-12,330550
1233,2006-05-19,327552
1234,2006-05-26,329151
1235,2006-06-02,330434
1236,2006-06-09,329454
1237,2006-06-16,330839
1238,2006-06-23,327510
1239,2006-06-30,325089
1240,2006-07-07,319159
1241,2006-07-14,319310
1242,2006-07-21,319340
1243,2006-07-28,317566
1244,2006-08-04,316380
1245,2006-08-11,314773
1246,2006-08-18,314130
1247,2006-08-25,316611
1248,2006-09-01,314507
1249,2006-09-08,311603
1250,2006-09-15,308755
1251,2006-09-22,308646
1252,2006-09-29,312001
1253,2006-10-06,314132
1254,2006-10-13,319152
1255,2006-10-20,315947
1256,2006-10-27,317857
1257,2006-11-03,318374
1258,2006-11-10,319657
1259,2006-11-17,324818
1260,2006-11-24,324458
1261,2006-12-01,323268
1262,2006-12-08,318973
1263,2006-12-15,312650
1264,2006-12-22,304518
1265,2006-12-29,303219
1266,2007-01-05,297470
1267,2007-01-12,304238
1268,2007-01-19,305027
1269,2007-01-26,307711
1270,2007-02-02,307193
1271,2007-02-09,306604
1272,2007-02-16,310298
1273,2007-02-23,311719
1274,2007-03-02,306822
1275,2007-03-09,308002
1276,2007-03-16,311926
1277,2007-03-23,311080
1278,2007-03-30,315387
1279,2007-04-06,316219
1280,2007-04-13,315225
1281,2007-04-20,317299
1282,2007-04-27,318468
1283,2007-05-04,323940
1284,2007-05-11,325001
1285,2007-05-18,326970
1286,2007-05-25,325014
1287,2007-06-01,325227
1288,2007-06-08,325309
1289,2007-06-15,332211
1290,2007-06-22,333773
1291,2007-06-29,336924
1292,2007-07-06,335336
1293,2007-07-13,334887
1294,2007-07-20,333784
1295,2007-07-27,327287
1296,2007-08-03,323326
1297,2007-08-10,318159
1298,2007-08-17,320049
1299,2007-08-24,316563
1300,2007-08-31,312591
1301,2007-09-07,305578
1302,2007-09-14,301704
1303,2007-09-21,303546
1304,2007-09-28,304684
1305,2007-10-05,302875
1306,2007-10-12,304659
1307,2007-10-19,299371
1308,2007-10-26,295477
1309,2007-11-02,294517
1310,2007-11-09,297331
1311,2007-11-16,296260
1312,2007-11-23,295808
1313,2007-11-30,287895
1314,2007-12-07,286806
1315,2007-12-14,279220
1316,2007-12-21,275921
1317,2007-12-28,271865
1318,2008-01-04,265361
1319,2008-01-11,269620
1320,2008-01-18,271917
1321,2008-01-25,275472
1322,2008-02-01,282340
1323,2008-02-08,283406
1324,2008-02-15,287610
1325,2008-02-22,290841
1326,2008-02-29,287785
1327,2008-03-07,294185
1328,2008-03-14,294318
1329,2008-03-21,294406
1330,2008-03-28,301723
1331,2008-04-04,298516
1332,2008-04-11,296160
1333,2008-04-18,298581
1334,2008-04-25,302429
1335,2008-05-02,308082
1336,2008-05-09,308258
1337,2008-05-16,302941
1338,2008-05-23,294058
1339,2008-05-30,289256
1340,2008-06-06,284679
1341,2008-06-13,283437
1342,2008-06-20,284240
1343,2008-06-27,282258
1344,2008-07-04,276552
1345,2008-07-11,279504
1346,2008-07-18,277946
1347,2008-07-25,277865
1348,2008-08-01,279363
1349,2008-08-08,279047
1350,2008-08-15,288437
1351,2008-08-22,288260
1352,2008-08-29,286362
1353,2008-09-05,280482
1354,2008-09-12,274154
1355,2008-09-19,272634
1356,2008-09-26,276912
1357,2008-10-03,285104
1358,2008-10-10,290715
1359,2008-10-17,293897
1360,2008-10-24,294390
1361,2008-10-31,294444
1362,2008-11-07,294394
1363,2008-11-14,295993
1364,2008-11-21,303273
1365,2008-11-28,302817
1366,2008-12-05,303169
1367,2008-12-12,303694
1368,2008-12-19,300593
1369,2008-12-26,301142
1370,2009-01-02,307236
1371,2009-01-09,308380
1372,2009-01-16,314480
1373,2009-01-23,320698
1374,2009-01-30,327868
1375,2009-02-06,332487
1376,2009-02-13,332349
1377,2009-02-20,333066
1378,2009-02-27,332309
1379,2009-03-06,332824
1380,2009-03-13,334766
1381,2009-03-20,338068
1382,2009-03-27,340912
1383,2009-04-03,342328
1384,2009-04-10,347999
1385,2009-04-17,351856
1386,2009-04-24,355909
1387,2009-05-01,356863
1388,2009-05-08,352234
1389,2009-05-15,350129
1390,2009-05-22,344716
1391,2009-05-29,347582
1392,2009-06-05,343186
1393,2009-06-12,339312
1394,2009-06-19,335444
1395,2009-06-26,331784
1396,2009-07-03,329083
1397,2009-07-10,326270
1398,2009-07-17,324474
1399,2009-07-24,329626
1400,2009-07-31,331296
1401,2009-08-07,333992
1402,2009-08-14,325595
1403,2009-08-21,325723
1404,2009-08-28,325351
1405,2009-09-04,319545
1406,2009-09-11,314816
1407,2009-09-18,317671
1408,2009-09-25,320467
1409,2009-10-02,319333
1410,2009-10-09,319667
1411,2009-10-16,320979
1412,2009-10-23,321757
1413,2009-10-30,317821
1414,2009-11-06,319609
1415,2009-11-13,318722
1416,2009-11-20,319741
1417,2009-11-27,321832
1418,2009-12-04,318037
1419,2009-12-11,314348
1420,2009-12-18,309507
1421,2009-12-25,307969
1422,2010-01-01,306626
1423,2010-01-08,310325
1424,2010-01-15,309854
1425,2010-01-22,305966
1426,2010-01-29,308283
1427,2010-02-05,310577
1428,2010-02-12,313662
1429,2010-02-19,316696
1430,2010-02-26,320730
1431,2010-03-05,322200
1432,2010-03-12,323212
1433,2010-03-19,330457
1434,2010-03-26,333386
1435,2010-04-02,335532
1436,2010-04-09,333330
1437,2010-04-16,335224
1438,2010-04-23,337187
1439,2010-04-30,339942
1440,2010-05-07,341861
1441,2010-05-14,342023
1442,2010-05-21,344483
1443,2010-05-28,342581
1444,2010-06-04,340906
1445,2010-06-11,342596
1446,2010-06-18,344613
1447,2010-06-25,342606
1448,2010-07-02,337562
1449,2010-07-09,332504
1450,2010-07-16,332864
1451,2010-07-23,340172
1452,2010-07-30,337388
1453,2010-08-06,334390
1454,2010-08-13,333572
1455,2010-08-20,337680
1456,2010-08-27,341105
1457,2010-09-03,339337
1458,2010-09-10,336848
1459,2010-09-17,337818
1460,2010-09-24,337343
1461,2010-10-01,340186
1462,2010-10-08,339770
1463,2010-10-15,340437
1464,2010-10-22,345444
1465,2010-10-29,347394
1466,2010-11-05,343849
1467,2010-11-12,336563
1468,2010-11-19,337592
1469,2010-11-26,338658
1470,2010-12-03,334524
1471,2010-12-10,324670
1472,2010-12-17,319337
1473,2010-12-24,318079
1474,2010-12-31,313918
1475,2011-01-07,311526
1476,2011-01-14,314143
1477,2011-01-21,318979
1478,2011-01-28,321573
1479,2011-02-04,323404
1480,2011-02-11,324264
1481,2011-02-18,325086
1482,2011-02-25,324722
1483,2011-03-04,327099
1484,2011-03-11,328844
1485,2011-03-18,330975
1486,2011-03-25,333920
1487,2011-04-01,335536
1488,2011-04-08,337163
1489,2011-04-15,334841
1490,2011-04-22,340997
1491,2011-04-29,344418
1492,2011-05-06,348050
1493,2011-05-13,348035
1494,2011-05-20,348651
1495,2011-05-27,351529
1496,2011-06-03,346897
1497,2011-06-10,343491
1498,2011-06-17,341780
1499,2011-06-24,337405
1500,2011-07-01,336532
1501,2011-07-08,333408
1502,2011-07-15,329681
1503,2011-07-22,331977
1504,2011-07-29,332927
1505,2011-08-05,327806
1506,2011-08-12,332039
1507,2011-08-19,329826
1508,2011-08-26,335107
1509,2011-09-02,331146
1510,2011-09-09,324442
1511,2011-09-16,317106
1512,2011-09-23,319021
1513,2011-09-30,314342
1514,2011-10-07,315575
1515,2011-10-14,310846
1516,2011-10-21,315581
1517,2011-10-28,317407
1518,2011-11-04,315819
1519,2011-11-11,314763
1520,2011-11-18,308544
1521,2011-11-25,312476
1522,2011-12-02,313625
1523,2011-12-09,311693
1524,2011-12-16,301123
1525,2011-12-23,305022
1526,2011-12-30,307231
1527,2012-01-06,309056
1528,2012-01-13,305618
1529,2012-01-20,309176
1530,2012-01-27,313351
1531,2012-02-03,313642
1532,2012-02-10,313471
1533,2012-02-17,315104
1534,2012-02-24,319264
1535,2012-03-02,320112
1536,2012-03-09,321862
1537,2012-03-16,320700
1538,2012-03-23,327802
1539,2012-03-30,336811
1540,2012-04-06,339377
1541,2012-04-13,343233
1542,2012-04-20,347211
1543,2012-04-27,350051
1544,2012-05-04,355340
1545,2012-05-11,357468
1546,2012-05-18,358351
1547,2012-05-25,360564
1548,2012-06-01,358801
1549,2012-06-08,358610
1550,2012-06-15,361471
1551,2012-06-22,361338
1552,2012-06-29,357068
1553,2012-07-06,352213
1554,2012-07-13,351404
1555,2012-07-20,354121
1556,2012-07-27,347599
1557,2012-08-03,343824
1558,2012-08-10,340125
1559,2012-08-17,334713
1560,2012-08-24,338491
1561,2012-08-31,331065
1562,2012-09-07,332474
1563,2012-09-14,341008
1564,2012-09-21,338562
1565,2012-09-28,338080
1566,2012-10-05,339592
1567,2012-10-12,342452
1568,2012-10-19,348348
1569,2012-10-26,346303
1570,2012-11-02,347850
1571,2012-11-09,348939
1572,2012-11-16,347473
1573,2012-11-23,347126
1574,2012-11-30,344769
1575,2012-12-07,344909
1576,2012-12-14,343945
1577,2012-12-21,343359
1578,2012-12-28,332239
1579,2013-01-04,333131
1580,2013-01-11,332180
1581,2013-01-18,334993
1582,2013-01-25,340940
1583,2013-02-01,343274
1584,2013-02-08,343834
1585,2013-02-15,347977
1586,2013-02-22,349107
1587,2013-03-01,352843
1588,2013-03-08,355467
1589,2013-03-15,354153
1590,2013-03-22,357409
1591,2013-03-29,360116
1592,2013-04-05,359998
1593,2013-04-12,358765
1594,2013-04-19,359712
1595,2013-04-26,366408
1596,2013-05-03,366779
1597,2013-05-10,366155
1598,2013-05-17,365817
1599,2013-05-24,368817
1600,2013-05-31,362550
1601,2013-06-07,365179
1602,2013-06-14,365492
1603,2013-06-21,365510
1604,2013-06-28,355163
1605,2013-07-05,345426
1606,2013-07-12,338524
1607,2013-07-19,335699
1608,2013-07-26,336130
1609,2013-08-02,334699
1610,2013-08-09,331887
1611,2013-08-16,330459
1612,2013-08-23,333445
1613,2013-08-30,331609
1614,2013-09-06,330991
1615,2013-09-13,326623
1616,2013-09-20,329258
1617,2013-09-27,334730
1618,2013-10-04,341474
1619,2013-10-11,345473
1620,2013-10-18,350719
1621,2013-10-25,354806
1622,2013-11-01,355995
1623,2013-11-08,358635
1624,2013-11-15,359010
1625,2013-11-22,361963
1626,2013-11-29,356378
1627,2013-12-06,345374
1628,2013-12-13,342433
1629,2013-12-20,337702
1630,2013-12-27,330695
1631,2014-01-03,326737
1632,2014-01-10,319079
1633,2014-01-17,320069
1634,2014-01-24,326490
1635,2014-01-31,326930
1636,2014-02-07,329983
1637,2014-02-14,330956
1638,2014-02-21,331024
1639,2014-02-28,332453
1640,2014-03-07,338333
1641,2014-03-14,344183
1642,2014-03-21,350802
1643,2014-03-28,348423
1644,2014-04-04,352341
1645,2014-04-11,362354
1646,2014-04-18,365878
1647,2014-04-25,367576
1648,2014-05-02,366004
1649,2014-05-09,366951
1650,2014-05-16,359725
1651,2014-05-23,361382
1652,2014-05-30,357951
1653,2014-06-06,355221
1654,2014-06-13,354642
1655,2014-06-20,356384
1656,2014-06-27,353229
1657,2014-07-04,350822
1658,2014-07-11,343297
1659,2014-07-18,339328
1660,2014-07-25,335631
1661,2014-08-01,334167
1662,2014-08-08,335568
1663,2014-08-15,331094
1664,2014-08-22,329024
1665,2014-08-29,328119
1666,2014-09-05,327428
1667,2014-09-12,331101
1668,2014-09-19,326828
1669,2014-09-26,325465
1670,2014-10-03,330380
1671,2014-10-10,339303
1672,2014-10-17,346414
1673,2014-10-24,348475
1674,2014-10-31,348935
1675,2014-11-07,346150
1676,2014-11-14,348758
1677,2014-11-21,350704
1678,2014-11-28,347015
1679,2014-12-05,348313
1680,2014-12-12,347466
1681,2014-12-19,354733
1682,2014-12-26,352979
1683,2015-01-02,348806
1684,2015-01-09,354195
1685,2015-01-16,364266
1686,2015-01-23,373140
1687,2015-01-30,379473
1688,2015-02-06,383800
1689,2015-02-13,391516
1690,2015-02-20,399943
1691,2015-02-27,410246
1692,2015-03-06,415425
1693,2015-03-13,425047
1694,2015-03-20,433217
1695,2015-03-27,437983
1696,2015-04-03,449662
1697,2015-04-10,450956
1698,2015-04-17,456271
1699,2015-04-24,458181
1700,2015-05-01,454079
1701,2015-05-08,451888
1702,2015-05-15,449214
1703,2015-05-22,446412
1704,2015-05-29,444464
1705,2015-06-05,438447
1706,2015-06-12,435771
1707,2015-06-19,430837
1708,2015-06-26,433223
1709,2015-07-03,433714
1710,2015-07-10,429368
1711,2015-07-17,431836
1712,2015-07-24,427633
1713,2015-07-31,423226
1714,2015-08-07,421822
1715,2015-08-14,424442
1716,2015-08-21,418990
1717,2015-08-28,423657
1718,2015-09-04,426062
1719,2015-09-11,423958
1720,2015-09-18,422033
1721,2015-09-25,425988
1722,2015-10-02,429028
1723,2015-10-09,436590
1724,2015-10-16,444618
1725,2015-10-23,447994
1726,2015-10-30,450841
1727,2015-11-06,454822
1728,2015-11-13,455074
1729,2015-11-20,456035
1730,2015-11-27,457212
1731,2015-12-04,453553
1732,2015-12-11,458354
1733,2015-12-18,452477
1734,2015-12-25,455106
1735,2016-01-01,450956
1736,2016-01-08,451190
1737,2016-01-15,455169
1738,2016-01-22,463552
1739,2016-01-29,471344
1740,2016-02-05,470676
1741,2016-02-12,472823
1742,2016-02-19,476325
1743,2016-02-26,486699
1744,2016-03-04,490843
1745,2016-03-11,492160
1746,2016-03-18,501517
1747,2016-03-25,503816
1748,2016-04-01,498598
1749,2016-04-08,505232
1750,2016-04-15,507312
1751,2016-04-22,509311
1752,2016-04-29,512095
1753,2016-05-06,508487
1754,2016-05-13,509797
1755,2016-05-20,505571
1756,2016-05-27,504205
1757,2016-06-03,501844
1758,2016-06-10,500911
1759,2016-06-17,499994
1760,2016-06-24,495941
1761,2016-07-01,493718
1762,2016-07-08,491172
1763,2016-07-15,488830
1764,2016-07-22,490501
1765,2016-07-29,491914
1766,2016-08-05,492969
1767,2016-08-12,490461
1768,2016-08-19,492962
1769,2016-08-26,495238
1770,2016-09-02,480725
1771,2016-09-09,480166
1772,2016-09-16,473966
1773,2016-09-23,472084
1774,2016-09-30,469108
1775,2016-10-07,473958
1776,2016-10-14,468711
1777,2016-10-21,468158
1778,2016-10-28,482578
1779,2016-11-04,485010
1780,2016-11-11,490284
1781,2016-11-18,489029
1782,2016-11-25,488145
1783,2016-12-02,485756
1784,2016-12-09,483193
1785,2016-12-16,485449
1786,2016-12-23,486063
1787,2016-12-30,479012
1788,2017-01-06,483109
1789,2017-01-13,485456
1790,2017-01-20,488296
1791,2017-01-27,494762
1792,2017-02-03,508592
1793,2017-02-10,518119
1794,2017-02-17,518683
1795,2017-02-24,520184
1796,2017-03-03,528393
1797,2017-03-10,528156
1798,2017-03-17,533110
1799,2017-03-24,533977
1800,2017-03-31,535543
1801,2017-04-07,533377
1802,2017-04-14,532343
1803,2017-04-21,528702
1804,2017-04-28,527772
1805,2017-05-05,522525
1806,2017-05-12,520772
1807,2017-05-19,516340
1808,2017-05-26,509912
1809,2017-06-02,513207
1810,2017-06-09,511546
1811,2017-06-16,509095
1812,2017-06-23,509213
1813,2017-06-30,502914
1814,2017-07-07,495350
1815,2017-07-14,490623
1816,2017-07-21,483415
1817,2017-07-28,481888
1818,2017-08-04,475437
1819,2017-08-11,466492
1820,2017-08-18,463165
1821,2017-08-25,457773
1822,2017-09-01,462353
1823,2017-09-08,468241
1824,2017-09-15,472832
1825,2017-09-22,470986
1826,2017-09-29,464963
1827,2017-10-06,462216
1828,2017-10-13,456485
1829,2017-10-20,457341
1830,2017-10-27,454906
1831,2017-11-03,457143
1832,2017-11-10,458997
1833,2017-11-17,457142
1834,2017-11-24,453713
1835,2017-12-01,448103
1836,2017-12-08,442986
1837,2017-12-15,436491
1838,2017-12-22,431882
1839,2017-12-29,424463
1840,2018-01-05,419515
1841,2018-01-12,412654
1842,2018-01-19,411583
1843,2018-01-26,418359
1844,2018-02-02,420254
1845,2018-02-09,422095
1846,2018-02-16,420479
1847,2018-02-23,423498
1848,2018-03-02,425906
1849,2018-03-09,430928
1850,2018-03-16,428306
1851,2018-03-23,429949
1852,2018-03-30,425332
1853,2018-04-06,428638
1854,2018-04-13,427567
1855,2018-04-20,429737
1856,2018-04-27,435955
1857,2018-05-04,433758
1858,2018-05-11,432354
1859,2018-05-18,438132
1860,2018-05-25,434512
1861,2018-06-01,436584
1862,2018-06-08,432441
1863,2018-06-15,426527
1864,2018-06-22,416636
1865,2018-06-29,417881
1866,2018-07-06,405248
1867,2018-07-13,411084
1868,2018-07-20,404937
1869,2018-07-27,408740
1870,2018-08-03,407389
1871,2018-08-10,414194
1872,2018-08-17,408358
1873,2018-08-24,405792
1874,2018-08-31,401490
1875,2018-09-07,396194
1876,2018-09-14,394137
1877,2018-09-21,395989
1878,2018-09-28,403964
1879,2018-10-05,409951
1880,2018-10-12,416441
1881,2018-10-19,422787
1882,2018-10-26,426004
1883,2018-11-02,431787
1884,2018-11-09,442057
1885,2018-11-16,446908
1886,2018-11-23,450485
1887,2018-11-30,443162
1888,2018-12-07,441954
1889,2018-12-14,441457
1890,2018-12-21,441411
1891,2018-12-28,441418
1892,2019-01-04,439738
1893,2019-01-11,437055
1894,2019-01-18,445025
1895,2019-01-25,445944
1896,2019-02-01,447207
1897,2019-02-08,450840
1898,2019-02-15,454512
1899,2019-02-22,445865
1900,2019-03-01,452934
1901,2019-03-08,449072
1902,2019-03-15,439483
1903,2019-03-22,442283
1904,2019-03-29,449521
1905,2019-04-05,456550
1906,2019-04-12,455154
1907,2019-04-19,460633
1908,2019-04-26,470567
1909,2019-05-03,466604
1910,2019-05-10,472035
1911,2019-05-17,476775
1912,2019-05-24,476493
1913,2019-05-31,483264
1914,2019-06-07,485470
1915,2019-06-14,482364
1916,2019-06-21,469576
1917,2019-06-28,468491
1918,2019-07-05,458992
1919,2019-07-12,455876
1920,2019-07-19,445041
1921,2019-07-26,436545
1922,2019-08-02,438930
1923,2019-08-09,440510
1924,2019-08-16,437778
1925,2019-08-23,427751
1926,2019-08-30,422980
1927,2019-09-06,416068
1928,2019-09-13,417126
1929,2019-09-20,419538
1930,2019-09-27,422642
1931,2019-10-04,425569
1932,2019-10-11,434850
1933,2019-10-18,433151
1934,2019-10-25,438853
1935,2019-11-01,446782
1936,2019-11-08,449001
1937,2019-11-15,450380
1938,2019-11-22,451952
1939,2019-11-29,447096
1940,2019-12-06,447918
1941,2019-12-13,446833
1942,2019-12-20,441359
1943,2019-12-27,429896
1944,2020-01-03,431060
1945,2020-01-10,428511
1946,2020-01-17,428106
1947,2020-01-24,431654
1948,2020-01-31,435009
1949,2020-02-07,442468
1950,2020-02-14,442883
1951,2020-02-21,443335
1952,2020-02-28,444119
1953,2020-03-06,451783
1954,2020-03-13,453737
1955,2020-03-20,455360
1956,2020-03-27,469193
1957,2020-04-03,484370
1958,2020-04-10,503618
1959,2020-04-17,518640
1960,2020-04-24,527631
1961,2020-05-01,532221
1962,2020-05-08,531476
1963,2020-05-15,526494
1964,2020-05-22,534422
1965,2020-05-29,532345
1966,2020-06-05,538065
1967,2020-06-12,539280
1968,2020-06-19,540722
1969,2020-06-26,533527
1970,2020-07-03,539181
1971,2020-07-10,531688
1972,2020-07-17,536580
1973,2020-07-24,525969
1974,2020-07-31,518596
1975,2020-08-07,514084
1976,2020-08-14,512452
1977,2020-08-21,507763
1978,2020-08-28,498401
1979,2020-09-04,500434
1980,2020-09-11,496045
1981,2020-09-18,494406
1982,2020-09-25,492426
1983,2020-10-02,492927
1984,2020-10-09,489109
1985,2020-10-16,488107
1986,2020-10-23,492427
1987,2020-10-30,484429
1988,2020-11-06,488706
1989,2020-11-13,489475
1990,2020-11-20,488721
1991,2020-11-27,488042
1992,2020-12-04,503231
1993,2020-12-11,500096
1994,2020-12-18,499534
1995,2020-12-25,493469
1996,2021-01-01,485459
1997,2021-01-08,482211
1998,2021-01-15,486563
1999,2021-01-22,476653
2000,2021-01-29,475659
2001,2021-02-05,469014
2002,2021-02-12,461757
2003,2021-02-19,463042
2004,2021-02-26,484605
2005,2021-03-05,498403
2006,2021-03-12,500799
