,Date,Gas Storage
0,1990-01-05,210982
1,1990-01-12,215395
2,1990-01-19,219221
3,1990-01-26,229695
4,1990-02-02,234249
5,1990-02-09,242038
6,1990-02-16,243212
7,1990-02-23,249028
8,1990-03-02,251074
9,1990-03-09,247348
10,1990-03-16,245224
11,1990-03-23,236805
12,1990-03-30,230975
13,1990-04-06,227448
14,1990-04-13,226077
15,1990-04-20,224206
16,1990-04-27,223250
17,1990-05-04,222618
18,1990-05-11,217528
19,1990-05-18,217047
20,1990-05-25,218532
21,1990-06-01,222014
22,1990-06-08,219308
23,1990-06-15,220061
24,1990-06-22,218970
25,1990-06-29,218597
26,1990-07-06,217055
27,1990-07-13,218063
28,1990-07-20,218705
29,1990-07-27,217799
30,1990-08-03,220195
31,1990-08-10,213725
32,1990-08-17,216819
33,1990-08-24,211198
34,1990-08-31,210922
35,1990-09-07,212665
36,1990-09-14,219164
37,1990-09-21,222160
38,1990-09-28,222735
39,1990-10-05,225934
40,1990-10-12,225997
41,1990-10-19,221043
42,1990-10-26,222384
43,1990-11-02,222223
44,1990-11-09,219499
45,1990-11-16,217040
46,1990-11-23,217639
47,1990-11-30,218889
48,1990-12-07,220010
49,1990-12-14,224219
50,1990-12-21,222043
51,1990-12-28,221695
52,1991-01-04,221194
53,1991-01-11,217923
54,1991-01-18,216098
55,1991-01-25,219581
56,1991-02-01,222223
57,1991-02-08,224079
58,1991-02-15,226459
59,1991-02-22,226026
60,1991-03-01,221438
61,1991-03-08,218986
62,1991-03-15,215670
63,1991-03-22,211379
64,1991-03-29,212087
65,1991-04-05,207908
66,1991-04-12,205510
67,1991-04-19,205046
68,1991-04-26,205660
69,1991-05-03,207496
70,1991-05-10,208673
71,1991-05-17,211690
72,1991-05-24,213387
73,1991-05-31,215678
74,1991-06-07,217713
75,1991-06-14,220528
76,1991-06-21,219835
77,1991-06-28,218757
78,1991-07-05,215024
79,1991-07-12,213411
80,1991-07-19,213887
81,1991-07-26,212122
82,1991-08-02,210814
83,1991-08-09,208356
84,1991-08-16,207689
85,1991-08-23,210098
86,1991-08-30,211068
87,1991-09-06,214680
88,1991-09-13,215242
89,1991-09-20,214984
90,1991-09-27,215217
91,1991-10-04,217173
92,1991-10-11,213971
93,1991-10-18,209834
94,1991-10-25,205774
95,1991-11-01,204354
96,1991-11-08,199744
97,1991-11-15,198464
98,1991-11-22,203568
99,1991-11-29,207008
100,1991-12-06,212278
101,1991-12-13,215414
102,1991-12-20,216625
103,1991-12-27,217337
104,1992-01-03,222483
105,1992-01-10,225305
106,1992-01-17,228580
107,1992-01-24,228073
108,1992-01-31,227909
109,1992-02-07,227243
110,1992-02-14,230868
111,1992-02-21,230336
112,1992-02-28,231955
113,1992-03-06,227662
114,1992-03-13,227891
115,1992-03-20,224373
116,1992-03-27,222766
117,1992-04-03,222186
118,1992-04-10,217422
119,1992-04-17,221157
120,1992-04-24,221128
121,1992-05-01,218510
122,1992-05-08,218142
123,1992-05-15,219307
124,1992-05-22,220760
125,1992-05-29,217988
126,1992-06-05,221738
127,1992-06-12,225535
128,1992-06-19,227811
129,1992-06-26,228449
130,1992-07-03,227444
131,1992-07-10,226355
132,1992-07-17,225184
133,1992-07-24,222592
134,1992-07-31,221461
135,1992-08-07,217173
136,1992-08-14,213430
137,1992-08-21,210106
138,1992-08-28,206548
139,1992-09-04,202427
140,1992-09-11,204731
141,1992-09-18,206719
142,1992-09-25,207727
143,1992-10-02,209718
144,1992-10-09,207854
145,1992-10-16,208652
146,1992-10-23,208033
147,1992-10-30,204650
148,1992-11-06,209557
149,1992-11-13,209701
150,1992-11-20,210574
151,1992-11-27,212692
152,1992-12-04,212367
153,1992-12-11,213282
154,1992-12-18,213169
155,1992-12-25,212969
156,1993-01-01,216561
157,1993-01-08,221306
158,1993-01-15,226954
159,1993-01-22,229754
160,1993-01-29,236128
161,1993-02-05,234121
162,1993-02-12,236870
163,1993-02-19,239134
164,1993-02-26,239086
165,1993-03-05,237243
166,1993-03-12,236477
167,1993-03-19,232213
168,1993-03-26,229323
169,1993-04-02,228289
170,1993-04-09,227603
171,1993-04-16,225814
172,1993-04-23,224438
173,1993-04-30,221834
174,1993-05-07,221330
175,1993-05-14,218162
176,1993-05-21,218431
177,1993-05-28,229887
178,1993-06-04,226781
179,1993-06-11,224637
180,1993-06-18,224796
181,1993-06-25,222719
182,1993-07-02,220348
183,1993-07-09,220802
184,1993-07-16,216794
185,1993-07-23,214341
186,1993-07-30,214965
187,1993-08-06,209070
188,1993-08-13,207716
189,1993-08-20,202045
190,1993-08-27,201221
191,1993-09-03,202354
192,1993-09-10,201269
193,1993-09-17,204378
194,1993-09-24,208036
195,1993-10-01,208245
196,1993-10-08,209116
197,1993-10-15,208432
198,1993-10-22,207949
199,1993-10-29,209067
200,1993-11-05,208140
201,1993-11-12,210759
202,1993-11-19,213301
203,1993-11-26,217591
204,1993-12-03,222584
205,1993-12-10,222110
206,1993-12-17,223106
207,1993-12-24,224655
208,1993-12-31,225013
209,1994-01-07,228804
210,1994-01-14,230806
211,1994-01-21,230603
212,1994-01-28,234542
213,1994-02-04,233869
214,1994-02-11,230508
215,1994-02-18,229691
216,1994-02-25,229471
217,1994-03-04,226080
218,1994-03-11,224966
219,1994-03-18,221918
220,1994-03-25,216977
221,1994-04-01,213868
222,1994-04-08,211837
223,1994-04-15,210367
224,1994-04-22,215827
225,1994-04-29,215173
226,1994-05-06,220806
227,1994-05-13,221215
228,1994-05-20,217833
229,1994-05-27,214405
230,1994-06-03,216725
231,1994-06-10,216815
232,1994-06-17,215440
233,1994-06-24,214928
234,1994-07-01,213577
235,1994-07-08,213607
236,1994-07-15,210786
237,1994-07-22,210340
238,1994-07-29,208515
239,1994-08-05,208802
240,1994-08-12,204759
241,1994-08-19,204822
242,1994-08-26,206501
243,1994-09-02,203398
244,1994-09-09,207682
245,1994-09-16,207967
246,1994-09-23,207262
247,1994-09-30,208167
248,1994-10-07,208597
249,1994-10-14,206013
250,1994-10-21,202644
251,1994-10-28,197671
252,1994-11-04,200812
253,1994-11-11,202319
254,1994-11-18,206074
255,1994-11-25,208845
256,1994-12-02,214685
257,1994-12-09,212280
258,1994-12-16,212555
259,1994-12-23,210269
260,1994-12-30,210379
261,1995-01-06,213545
262,1995-01-13,215577
263,1995-01-20,217341
264,1995-01-27,220092
265,1995-02-03,222808
266,1995-02-10,224086
267,1995-02-17,225627
268,1995-02-24,224867
269,1995-03-03,226427
270,1995-03-10,225052
271,1995-03-17,221863
272,1995-03-24,219388
273,1995-03-31,212188
274,1995-04-07,211126
275,1995-04-14,209230
276,1995-04-21,207445
277,1995-04-28,208167
278,1995-05-05,208961
279,1995-05-12,209092
280,1995-05-19,207135
281,1995-05-26,209982
282,1995-06-02,208602
283,1995-06-09,207887
284,1995-06-16,210280
285,1995-06-23,208332
286,1995-06-30,207619
287,1995-07-07,207854
288,1995-07-14,208280
289,1995-07-21,207955
290,1995-07-28,207406
291,1995-08-04,204700
292,1995-08-11,203559
293,1995-08-18,199666
294,1995-08-25,196058
295,1995-09-01,197186
296,1995-09-08,196620
297,1995-09-15,194930
298,1995-09-22,196796
299,1995-09-29,202806
300,1995-10-06,201137
301,1995-10-13,198720
302,1995-10-20,199377
303,1995-10-27,197584
304,1995-11-03,195596
305,1995-11-10,190148
306,1995-11-17,192278
307,1995-11-24,193076
308,1995-12-01,196904
309,1995-12-08,196587
310,1995-12-15,198690
311,1995-12-22,197873
312,1995-12-29,203744
313,1996-01-05,203560
314,1996-01-12,205546
315,1996-01-19,210659
316,1996-01-26,211887
317,1996-02-02,214405
318,1996-02-09,213627
319,1996-02-16,212443
320,1996-02-23,210443
321,1996-03-01,213605
322,1996-03-08,209769
323,1996-03-15,209171
324,1996-03-22,205883
325,1996-03-29,203802
326,1996-04-05,201988
327,1996-04-12,201051
328,1996-04-19,203880
329,1996-04-26,204218
330,1996-05-03,204185
331,1996-05-10,202692
332,1996-05-17,204906
333,1996-05-24,205722
334,1996-05-31,206134
335,1996-06-07,205584
336,1996-06-14,205494
337,1996-06-21,206541
338,1996-06-28,202987
339,1996-07-05,201677
340,1996-07-12,200373
341,1996-07-19,198977
342,1996-07-26,197609
343,1996-08-02,196821
344,1996-08-09,198222
345,1996-08-16,198433
346,1996-08-23,196254
347,1996-08-30,192908
348,1996-09-06,191733
349,1996-09-13,192000
350,1996-09-20,193526
351,1996-09-27,197717
352,1996-10-04,197019
353,1996-10-11,194410
354,1996-10-18,190525
355,1996-10-25,189283
356,1996-11-01,191956
357,1996-11-08,190180
358,1996-11-15,188595
359,1996-11-22,187261
360,1996-11-29,190483
361,1996-12-06,194748
362,1996-12-13,191420
363,1996-12-20,191053
364,1996-12-27,192014
365,1997-01-03,198239
366,1997-01-10,199994
367,1997-01-17,201457
368,1997-01-24,203639
369,1997-01-31,206951
370,1997-02-07,210991
371,1997-02-14,209302
372,1997-02-21,205464
373,1997-02-28,203206
374,1997-03-07,203693
375,1997-03-14,199745
376,1997-03-21,198774
377,1997-03-28,196930
378,1997-04-04,195697
379,1997-04-11,195928
380,1997-04-18,195927
381,1997-04-25,196025
382,1997-05-02,193561
383,1997-05-09,198261
384,1997-05-16,198672
385,1997-05-23,199831
386,1997-05-30,200728
387,1997-06-06,203327
388,1997-06-13,205177
389,1997-06-20,205512
390,1997-06-27,204006
391,1997-07-04,203747
392,1997-07-11,199751
393,1997-07-18,197484
394,1997-07-25,193695
395,1997-08-01,190575
396,1997-08-08,189078
397,1997-08-15,186197
398,1997-08-22,187035
399,1997-08-29,185563
400,1997-09-05,187167
401,1997-09-12,189628
402,1997-09-19,194289
403,1997-09-26,195544
404,1997-10-03,197648
405,1997-10-10,196796
406,1997-10-17,196969
407,1997-10-24,197561
408,1997-10-31,197629
409,1997-11-07,196540
410,1997-11-14,197638
411,1997-11-21,196590
412,1997-11-28,199440
413,1997-12-05,198579
414,1997-12-12,201916
415,1997-12-19,201609
416,1997-12-26,204930
417,1998-01-02,210220
418,1998-01-09,216176
419,1998-01-16,217925
420,1998-01-23,217464
421,1998-01-30,217934
422,1998-02-06,220625
423,1998-02-13,218239
424,1998-02-20,218785
425,1998-02-27,219852
426,1998-03-06,218013
427,1998-03-13,214200
428,1998-03-20,215334
429,1998-03-27,214760
430,1998-04-03,210823
431,1998-04-10,210377
432,1998-04-17,211207
433,1998-04-24,212209
434,1998-05-01,212269
435,1998-05-08,216119
436,1998-05-15,213223
437,1998-05-22,215208
438,1998-05-29,218181
439,1998-06-05,219566
440,1998-06-12,220053
441,1998-06-19,222740
442,1998-06-26,222381
443,1998-07-03,218243
444,1998-07-10,221489
445,1998-07-17,218840
446,1998-07-24,219060
447,1998-07-31,215752
448,1998-08-07,212407
449,1998-08-14,210064
450,1998-08-21,208848
451,1998-08-28,209179
452,1998-09-04,207008
453,1998-09-11,205691
454,1998-09-18,208649
455,1998-09-25,207493
456,1998-10-02,207114
457,1998-10-09,199486
458,1998-10-16,201383
459,1998-10-23,199734
460,1998-10-30,200204
461,1998-11-06,201825
462,1998-11-13,206343
463,1998-11-20,205683
464,1998-11-27,205697
465,1998-12-04,208189
466,1998-12-11,210252
467,1998-12-18,208330
468,1998-12-25,209868
469,1999-01-01,210839
470,1999-01-08,217574
471,1999-01-15,221987
472,1999-01-22,220885
473,1999-01-29,223083
474,1999-02-05,228189
475,1999-02-12,226045
476,1999-02-19,229300
477,1999-02-26,227413
478,1999-03-05,226726
479,1999-03-12,222905
480,1999-03-19,219788
481,1999-03-26,214520
482,1999-04-02,214306
483,1999-04-09,217386
484,1999-04-16,216866
485,1999-04-23,214741
486,1999-04-30,218406
487,1999-05-07,222885
488,1999-05-14,221972
489,1999-05-21,221589
490,1999-05-28,223026
491,1999-06-04,226048
492,1999-06-11,221080
493,1999-06-18,220647
494,1999-06-25,217966
495,1999-07-02,214637
496,1999-07-09,211022
497,1999-07-16,208902
498,1999-07-23,205424
499,1999-07-30,204179
500,1999-08-06,201096
501,1999-08-13,202026
502,1999-08-20,202168
503,1999-08-27,200462
504,1999-09-03,198532
505,1999-09-10,200464
506,1999-09-17,201304
507,1999-09-24,199923
508,1999-10-01,201114
509,1999-10-08,203234
510,1999-10-15,202656
511,1999-10-22,199785
512,1999-10-29,197816
513,1999-11-05,195514
514,1999-11-12,191450
515,1999-11-19,190202
516,1999-11-26,191068
517,1999-12-03,196648
518,1999-12-10,195581
519,1999-12-17,194295
520,1999-12-24,192797
521,1999-12-31,191997
522,2000-01-07,194173
523,2000-01-14,198240
524,2000-01-21,200815
525,2000-01-28,201447
526,2000-02-04,200937
527,2000-02-11,199593
528,2000-02-18,196688
529,2000-02-25,196523
530,2000-03-03,200970
531,2000-03-10,198819
532,2000-03-17,199255
533,2000-03-24,201120
534,2000-03-31,203808
535,2000-04-07,203566
536,2000-04-14,202022
537,2000-04-21,200684
538,2000-04-28,202506
539,2000-05-05,200770
540,2000-05-12,202479
541,2000-05-19,203561
542,2000-05-26,201075
543,2000-06-02,201348
544,2000-06-09,202699
545,2000-06-16,202768
546,2000-06-23,204280
547,2000-06-30,204522
548,2000-07-07,205147
549,2000-07-14,205638
550,2000-07-21,206907
551,2000-07-28,206253
552,2000-08-04,204582
553,2000-08-11,202442
554,2000-08-18,201200
555,2000-08-25,196372
556,2000-09-01,195498
557,2000-09-08,191795
558,2000-09-15,187566
559,2000-09-22,190559
560,2000-09-29,195621
561,2000-10-06,195840
562,2000-10-13,193261
563,2000-10-20,192240
564,2000-10-27,188097
565,2000-11-03,186147
566,2000-11-10,189003
567,2000-11-17,188941
568,2000-11-24,191190
569,2000-12-01,195234
570,2000-12-08,196568
571,2000-12-15,198983
572,2000-12-22,196401
573,2000-12-29,193771
574,2001-01-05,195663
575,2001-01-12,198713
576,2001-01-19,200703
577,2001-01-26,205882
578,2001-02-02,203783
579,2001-02-09,202920
580,2001-02-16,204595
581,2001-02-23,204546
582,2001-03-02,203021
583,2001-03-09,201582
584,2001-03-16,198193
585,2001-03-23,196272
586,2001-03-30,193035
587,2001-04-06,193855
588,2001-04-13,192831
589,2001-04-20,193913
590,2001-04-27,198975
591,2001-05-04,200025
592,2001-05-11,204069
593,2001-05-18,203706
594,2001-05-25,208032
595,2001-06-01,210265
596,2001-06-08,216010
597,2001-06-15,219666
598,2001-06-22,220745
599,2001-06-29,221633
600,2001-07-06,221549
601,2001-07-13,217832
602,2001-07-20,214521
603,2001-07-27,211313
604,2001-08-03,207789
605,2001-08-10,204627
606,2001-08-17,202069
607,2001-08-24,195874
608,2001-08-31,194690
609,2001-09-07,195380
610,2001-09-14,192331
611,2001-09-21,200823
612,2001-09-28,203912
613,2001-10-05,206117
614,2001-10-12,208339
615,2001-10-19,208908
616,2001-10-26,208308
617,2001-11-02,206944
618,2001-11-09,205335
619,2001-11-16,206682
620,2001-11-23,207701
621,2001-11-30,212099
622,2001-12-07,211201
623,2001-12-14,210320
624,2001-12-21,207036
625,2001-12-28,207914
626,2002-01-04,207726
627,2002-01-11,210500
628,2002-01-18,214055
629,2002-01-25,216656
630,2002-02-01,216355
631,2002-02-08,217358
632,2002-02-15,216883
633,2002-02-22,215753
634,2002-03-01,212674
635,2002-03-08,211544
636,2002-03-15,209080
637,2002-03-22,207157
638,2002-03-29,211521
639,2002-04-05,212602
640,2002-04-12,211127
641,2002-04-19,210555
642,2002-04-26,211946
643,2002-05-03,214108
644,2002-05-10,217207
645,2002-05-17,216094
646,2002-05-24,218100
647,2002-05-31,215916
648,2002-06-07,214362
649,2002-06-14,215229
650,2002-06-21,216405
651,2002-06-28,216434
652,2002-07-05,214720
653,2002-07-12,213232
654,2002-07-19,212591
655,2002-07-26,211591
656,2002-08-02,212470
657,2002-08-09,207965
658,2002-08-16,208743
659,2002-08-23,206761
660,2002-08-30,205330
661,2002-09-06,205598
662,2002-09-13,204987
663,2002-09-20,207222
664,2002-09-27,208421
665,2002-10-04,205280
666,2002-10-11,198979
667,2002-10-18,195357
668,2002-10-25,194311
669,2002-11-01,192146
670,2002-11-08,194044
671,2002-11-15,193499
672,2002-11-22,197419
673,2002-11-29,199962
674,2002-12-06,203240
675,2002-12-13,203149
676,2002-12-20,205370
677,2002-12-27,204956
678,2003-01-03,209828
679,2003-01-10,215582
680,2003-01-17,216270
681,2003-01-24,212980
682,2003-01-31,209613
683,2003-02-07,212649
684,2003-02-14,211206
685,2003-02-21,208095
686,2003-02-28,206086
687,2003-03-07,202008
688,2003-03-14,201083
689,2003-03-21,198977
690,2003-03-28,200721
691,2003-04-04,202182
692,2003-04-11,201947
693,2003-04-18,201174
694,2003-04-25,205592
695,2003-05-02,207794
696,2003-05-09,208644
697,2003-05-16,208377
698,2003-05-23,205034
699,2003-05-30,207281
700,2003-06-06,209853
701,2003-06-13,209124
702,2003-06-20,208204
703,2003-06-27,204960
704,2003-07-04,205486
705,2003-07-11,209422
706,2003-07-18,207820
707,2003-07-25,204496
708,2003-08-01,201784
709,2003-08-08,198147
710,2003-08-15,196850
711,2003-08-22,191179
712,2003-08-29,191898
713,2003-09-05,192579
714,2003-09-12,195322
715,2003-09-19,196822
716,2003-09-26,199174
717,2003-10-03,197986
718,2003-10-10,194579
719,2003-10-17,195986
720,2003-10-24,193809
721,2003-10-31,191334
722,2003-11-07,192267
723,2003-11-14,192194
724,2003-11-21,193653
725,2003-11-28,197110
726,2003-12-05,200472
727,2003-12-12,202377
728,2003-12-19,202987
729,2003-12-26,203619
730,2004-01-02,206308
731,2004-01-09,208416
732,2004-01-16,209484
733,2004-01-23,206040
734,2004-01-30,205593
735,2004-02-06,204417
736,2004-02-13,205023
737,2004-02-20,203378
738,2004-02-27,202014
739,2004-03-05,200420
740,2004-03-12,199626
741,2004-03-19,199523
742,2004-03-26,200885
743,2004-04-02,200057
744,2004-04-09,197451
745,2004-04-16,199083
746,2004-04-23,199958
747,2004-04-30,203996
748,2004-05-07,202450
749,2004-05-14,203674
750,2004-05-21,203017
751,2004-05-28,204279
752,2004-06-04,206432
753,2004-06-11,205943
754,2004-06-18,205134
755,2004-06-25,205148
756,2004-07-02,206108
757,2004-07-09,205903
758,2004-07-16,208420
759,2004-07-23,207651
760,2004-07-30,210108
761,2004-08-06,208296
762,2004-08-13,205742
763,2004-08-20,205743
764,2004-08-27,206552
765,2004-09-03,204073
766,2004-09-10,202493
767,2004-09-17,199654
768,2004-09-24,198846
769,2004-10-01,199429
770,2004-10-08,200616
771,2004-10-15,199883
772,2004-10-22,201163
773,2004-10-29,201677
774,2004-11-05,201270
775,2004-11-12,200879
776,2004-11-19,202741
777,2004-11-26,205741
778,2004-12-03,208096
779,2004-12-10,209616
780,2004-12-17,211381
781,2004-12-24,212251
782,2004-12-31,214327
783,2005-01-07,215333
784,2005-01-14,216969
785,2005-01-21,214712
786,2005-01-28,216342
787,2005-02-04,216757
788,2005-02-11,221678
789,2005-02-18,223510
790,2005-02-25,224483
791,2005-03-04,224282
792,2005-03-11,221352
793,2005-03-18,217293
794,2005-03-25,214358
795,2005-04-01,212252
796,2005-04-08,213100
797,2005-04-15,211636
798,2005-04-22,211306
799,2005-04-29,213507
800,2005-05-06,213694
801,2005-05-13,214765
802,2005-05-20,215374
803,2005-05-27,216678
804,2005-06-03,216647
805,2005-06-10,215742
806,2005-06-17,215939
807,2005-06-24,216240
808,2005-07-01,215266
809,2005-07-08,212641
810,2005-07-15,211322
811,2005-07-22,209194
812,2005-07-29,205177
813,2005-08-05,203091
814,2005-08-12,198122
815,2005-08-19,194877
816,2005-08-26,194369
817,2005-09-02,190067
818,2005-09-09,191959
819,2005-09-16,195431
820,2005-09-23,199831
821,2005-09-30,195454
822,2005-10-07,192803
823,2005-10-14,195710
824,2005-10-21,195869
825,2005-10-28,196904
826,2005-11-04,201127
827,2005-11-11,200175
828,2005-11-18,200413
829,2005-11-25,199868
830,2005-12-02,202609
831,2005-12-09,204375
832,2005-12-16,204074
833,2005-12-23,202853
834,2005-12-30,204259
835,2006-01-06,208778
836,2006-01-13,211635
837,2006-01-20,214763
838,2006-01-27,219044
839,2006-02-03,223344
840,2006-02-10,225459
841,2006-02-17,225648
842,2006-02-24,225867
843,2006-03-03,224765
844,2006-03-10,223884
845,2006-03-17,221563
846,2006-03-24,216226
847,2006-03-31,211782
848,2006-04-07,207927
849,2006-04-14,202482
850,2006-04-21,200594
851,2006-04-28,202708
852,2006-05-05,205050
853,2006-05-12,206375
854,2006-05-19,208483
855,2006-05-26,209277
856,2006-06-02,210331
857,2006-06-09,213146
858,2006-06-16,213440
859,2006-06-23,212350
860,2006-06-30,213077
861,2006-07-07,212651
862,2006-07-14,214194
863,2006-07-21,211030
864,2006-07-28,210868
865,2006-08-04,207659
866,2006-08-11,205393
867,2006-08-18,205795
868,2006-08-25,206162
869,2006-09-01,206880
870,2006-09-08,206994
871,2006-09-15,207554
872,2006-09-22,213899
873,2006-09-29,215052
874,2006-10-06,215397
875,2006-10-13,210175
876,2006-10-20,207416
877,2006-10-27,204617
878,2006-11-03,204033
879,2006-11-10,200252
880,2006-11-17,201658
881,2006-11-24,201069
882,2006-12-01,200031
883,2006-12-08,199857
884,2006-12-15,200915
885,2006-12-22,203853
886,2006-12-29,209532
887,2007-01-05,213295
888,2007-01-12,216786
889,2007-01-19,220795
890,2007-01-26,224614
891,2007-02-02,227214
892,2007-02-09,225156
893,2007-02-16,222115
894,2007-02-23,220175
895,2007-03-02,216425
896,2007-03-09,213939
897,2007-03-16,210489
898,2007-03-23,210231
899,2007-03-30,205201
900,2007-04-06,199725
901,2007-04-13,197007
902,2007-04-20,194214
903,2007-04-27,193099
904,2007-05-04,193471
905,2007-05-11,195235
906,2007-05-18,196666
907,2007-05-25,198027
908,2007-06-01,201537
909,2007-06-08,201540
910,2007-06-15,203331
911,2007-06-22,202582
912,2007-06-29,204433
913,2007-07-06,205576
914,2007-07-13,203341
915,2007-07-20,204134
916,2007-07-27,204720
917,2007-08-03,202997
918,2007-08-10,201940
919,2007-08-17,196231
920,2007-08-24,192564
921,2007-08-31,191083
922,2007-09-07,190417
923,2007-09-14,190834
924,2007-09-21,191366
925,2007-09-28,191325
926,2007-10-05,193000
927,2007-10-12,195768
928,2007-10-19,193837
929,2007-10-26,195132
930,2007-11-02,194313
931,2007-11-09,195027
932,2007-11-16,195190
933,2007-11-23,196628
934,2007-11-30,200623
935,2007-12-07,202241
936,2007-12-14,205221
937,2007-12-21,205857
938,2007-12-28,207842
939,2008-01-04,213063
940,2008-01-11,215256
941,2008-01-18,220341
942,2008-01-25,223899
943,2008-02-01,227487
944,2008-02-08,229236
945,2008-02-15,230264
946,2008-02-22,232619
947,2008-02-29,234276
948,2008-03-07,235967
949,2008-03-14,232520
950,2008-03-21,229235
951,2008-03-28,224710
952,2008-04-04,221268
953,2008-04-11,215751
954,2008-04-18,212572
955,2008-04-25,211089
956,2008-05-02,211883
957,2008-05-09,210168
958,2008-05-16,209413
959,2008-05-23,206155
960,2008-05-30,209090
961,2008-06-06,210088
962,2008-06-13,208910
963,2008-06-20,208757
964,2008-06-27,210857
965,2008-07-04,211766
966,2008-07-11,214238
967,2008-07-18,217085
968,2008-07-25,213560
969,2008-08-01,209216
970,2008-08-08,202822
971,2008-08-15,196620
972,2008-08-22,195441
973,2008-08-29,194404
974,2008-09-05,187942
975,2008-09-12,184634
976,2008-09-19,178739
977,2008-09-26,179640
978,2008-10-03,186815
979,2008-10-10,193788
980,2008-10-17,196497
981,2008-10-24,194990
982,2008-10-31,196113
983,2008-11-07,198095
984,2008-11-14,198634
985,2008-11-21,200476
986,2008-11-28,198942
987,2008-12-05,202664
988,2008-12-12,203959
989,2008-12-19,207295
990,2008-12-26,208103
991,2009-01-02,211437
992,2009-01-09,213505
993,2009-01-16,219980
994,2009-01-23,219859
995,2009-01-30,220221
996,2009-02-06,217559
997,2009-02-13,218664
998,2009-02-20,215342
999,2009-02-27,215510
1000,2009-03-06,212517
1001,2009-03-13,215712
1002,2009-03-20,214568
1003,2009-03-27,216793
1004,2009-04-03,217449
1005,2009-04-10,216505
1006,2009-04-17,217307
1007,2009-04-24,212612
1008,2009-05-01,212445
1009,2009-05-08,208291
1010,2009-05-15,203954
1011,2009-05-22,203417
1012,2009-05-29,203202
1013,2009-06-05,201649
1014,2009-06-12,205034
1015,2009-06-19,208905
1016,2009-06-26,211238
1017,2009-07-03,213140
1018,2009-07-10,214578
1019,2009-07-17,215391
1020,2009-07-24,213076
1021,2009-07-31,212858
1022,2009-08-07,211931
1023,2009-08-14,209754
1024,2009-08-21,208054
1025,2009-08-28,205085
1026,2009-09-04,207153
1027,2009-09-11,207700
1028,2009-09-18,213109
1029,2009-09-25,211452
1030,2009-10-02,214389
1031,2009-10-09,209159
1032,2009-10-16,206945
1033,2009-10-23,208564
1034,2009-10-30,208277
1035,2009-11-06,210837
1036,2009-11-13,209082
1037,2009-11-20,210085
1038,2009-11-27,214081
1039,2009-12-04,216334
1040,2009-12-11,217213
1041,2009-12-18,216330
1042,2009-12-25,215964
1043,2010-01-01,219701
1044,2010-01-08,223492
1045,2010-01-15,227442
1046,2010-01-22,229427
1047,2010-01-29,228121
1048,2010-02-05,230445
1049,2010-02-12,232065
1050,2010-02-19,231170
1051,2010-02-26,231943
1052,2010-03-05,228984
1053,2010-03-12,227274
1054,2010-03-19,224559
1055,2010-03-26,224872
1056,2010-04-02,222374
1057,2010-04-09,221338
1058,2010-04-16,224925
1059,2010-04-23,223685
1060,2010-04-30,224942
1061,2010-05-07,222128
1062,2010-05-14,221834
1063,2010-05-21,221631
1064,2010-05-28,218984
1065,2010-06-04,218976
1066,2010-06-11,218340
1067,2010-06-18,217578
1068,2010-06-25,218115
1069,2010-07-02,219435
1070,2010-07-09,221036
1071,2010-07-16,222154
1072,2010-07-23,222245
1073,2010-07-30,222974
1074,2010-08-06,223383
1075,2010-08-13,223344
1076,2010-08-20,225617
1077,2010-08-27,225405
1078,2010-09-03,225162
1079,2010-09-10,224468
1080,2010-09-17,226058
1081,2010-09-24,222589
1082,2010-10-01,219943
1083,2010-10-08,218174
1084,2010-10-15,219329
1085,2010-10-22,214942
1086,2010-10-29,212253
1087,2010-11-05,210336
1088,2010-11-12,207679
1089,2010-11-19,209592
1090,2010-11-26,210153
1091,2010-12-03,213964
1092,2010-12-10,214773
1093,2010-12-17,217173
1094,2010-12-24,214857
1095,2010-12-31,218146
1096,2011-01-07,223227
1097,2011-01-14,227670
1098,2011-01-21,230074
1099,2011-01-28,236228
1100,2011-02-04,240891
1101,2011-02-11,241096
1102,2011-02-18,238298
1103,2011-02-25,234708
1104,2011-03-04,229214
1105,2011-03-11,225040
1106,2011-03-18,219720
1107,2011-03-25,217036
1108,2011-04-01,216679
1109,2011-04-08,209679
1110,2011-04-15,208096
1111,2011-04-22,205588
1112,2011-04-29,204542
1113,2011-05-06,205817
1114,2011-05-13,205936
1115,2011-05-20,209730
1116,2011-05-27,212283
1117,2011-06-03,214492
1118,2011-06-10,215065
1119,2011-06-17,214601
1120,2011-06-24,213173
1121,2011-07-01,212539
1122,2011-07-08,211699
1123,2011-07-15,212456
1124,2011-07-22,213478
1125,2011-07-29,215179
1126,2011-08-05,213591
1127,2011-08-12,210081
1128,2011-08-19,211436
1129,2011-08-26,208641
1130,2011-09-02,208840
1131,2011-09-09,210780
1132,2011-09-16,214075
1133,2011-09-23,214866
1134,2011-09-30,213729
1135,2011-10-07,209595
1136,2011-10-14,206271
1137,2011-10-21,204918
1138,2011-10-28,206274
1139,2011-11-04,204167
1140,2011-11-11,205159
1141,2011-11-18,209634
1142,2011-11-25,209847
1143,2011-12-02,214994
1144,2011-12-09,218818
1145,2011-12-16,218406
1146,2011-12-23,217714
1147,2011-12-30,220193
1148,2012-01-06,223803
1149,2012-01-13,227520
1150,2012-01-20,227130
1151,2012-01-27,230147
1152,2012-02-03,231776
1153,2012-02-10,232176
1154,2012-02-17,231527
1155,2012-02-24,229927
1156,2012-03-02,229531
1157,2012-03-09,228121
1158,2012-03-16,226907
1159,2012-03-23,223370
1160,2012-03-30,221913
1161,2012-04-06,217636
1162,2012-04-13,213965
1163,2012-04-20,211730
1164,2012-04-27,209721
1165,2012-05-04,207108
1166,2012-05-11,204311
1167,2012-05-18,201012
1168,2012-05-25,200179
1169,2012-06-01,203525
1170,2012-06-08,201801
1171,2012-06-15,202744
1172,2012-06-22,204822
1173,2012-06-29,204973
1174,2012-07-06,207725
1175,2012-07-13,205910
1176,2012-07-20,210044
1177,2012-07-27,207870
1178,2012-08-03,206069
1179,2012-08-10,203698
1180,2012-08-17,202736
1181,2012-08-24,201227
1182,2012-08-31,198893
1183,2012-09-07,197716
1184,2012-09-14,196309
1185,2012-09-21,195828
1186,2012-09-28,195942
1187,2012-10-05,195408
1188,2012-10-12,197128
1189,2012-10-19,198567
1190,2012-10-26,199502
1191,2012-11-02,202377
1192,2012-11-09,201937
1193,2012-11-16,200390
1194,2012-11-23,204255
1195,2012-11-30,212115
1196,2012-12-07,217115
1197,2012-12-14,219322
1198,2012-12-21,223104
1199,2012-12-28,225673
1200,2013-01-04,233085
1201,2013-01-11,234995
1202,2013-01-18,233257
1203,2013-01-25,232301
1204,2013-02-01,234039
1205,2013-02-08,233236
1206,2013-02-15,230352
1207,2013-02-22,228495
1208,2013-03-01,227879
1209,2013-03-08,224308
1210,2013-03-15,222832
1211,2013-03-22,221236
1212,2013-03-29,220664
1213,2013-04-05,222363
1214,2013-04-12,221730
1215,2013-04-19,217802
1216,2013-04-26,215984
1217,2013-05-03,215074
1218,2013-05-10,217662
1219,2013-05-17,220677
1220,2013-05-24,219163
1221,2013-05-31,218797
1222,2013-06-07,221545
1223,2013-06-14,221728
1224,2013-06-21,225381
1225,2013-06-28,223662
1226,2013-07-05,221028
1227,2013-07-12,224083
1228,2013-07-19,222694
1229,2013-07-26,223464
1230,2013-08-02,223599
1231,2013-08-09,222430
1232,2013-08-16,218401
1233,2013-08-23,217814
1234,2013-08-30,215987
1235,2013-09-06,217645
1236,2013-09-13,216018
1237,2013-09-20,216235
1238,2013-09-27,219730
1239,2013-10-04,219879
1240,2013-10-11,217309
1241,2013-10-18,215504
1242,2013-10-25,213791
1243,2013-11-01,210036
1244,2013-11-08,209198
1245,2013-11-15,208853
1246,2013-11-22,210604
1247,2013-11-29,212432
1248,2013-12-06,219149
1249,2013-12-13,220486
1250,2013-12-20,219872
1251,2013-12-27,220716
1252,2014-01-03,226959
1253,2014-01-10,233142
1254,2014-01-17,235265
1255,2014-01-24,234446
1256,2014-01-31,234951
1257,2014-02-07,233098
1258,2014-02-14,233407
1259,2014-02-21,230600
1260,2014-02-28,228996
1261,2014-03-07,223766
1262,2014-03-14,222299
1263,2014-03-21,217198
1264,2014-03-28,215624
1265,2014-04-04,210436
1266,2014-04-11,210282
1267,2014-04-18,210008
1268,2014-04-25,211572
1269,2014-05-02,213180
1270,2014-05-09,212408
1271,2014-05-16,213378
1272,2014-05-23,211575
1273,2014-05-30,211785
1274,2014-06-06,213482
1275,2014-06-13,214267
1276,2014-06-20,214977
1277,2014-06-27,213742
1278,2014-07-04,214321
1279,2014-07-11,214492
1280,2014-07-18,217871
1281,2014-07-25,218236
1282,2014-08-01,213849
1283,2014-08-08,212689
1284,2014-08-15,213274
1285,2014-08-22,212314
1286,2014-08-29,209992
1287,2014-09-05,212373
1288,2014-09-12,210738
1289,2014-09-19,210324
1290,2014-09-26,208488
1291,2014-10-03,209668
1292,2014-10-10,205673
1293,2014-10-17,204374
1294,2014-10-24,203138
1295,2014-10-31,201760
1296,2014-11-07,203565
1297,2014-11-14,204599
1298,2014-11-21,206424
1299,2014-11-28,208567
1300,2014-12-05,216764
1301,2014-12-12,222014
1302,2014-12-19,226097
1303,2014-12-26,229048
1304,2015-01-02,237163
1305,2015-01-09,240334
1306,2015-01-16,240922
1307,2015-01-23,238335
1308,2015-01-30,240670
1309,2015-02-06,242647
1310,2015-02-13,243132
1311,2015-02-20,240014
1312,2015-02-27,240060
1313,2015-03-06,239873
1314,2015-03-13,235400
1315,2015-03-20,233386
1316,2015-03-27,229128
1317,2015-04-03,229945
1318,2015-04-10,227873
1319,2015-04-17,225738
1320,2015-04-24,227451
1321,2015-05-01,227852
1322,2015-05-08,226710
1323,2015-05-15,223936
1324,2015-05-22,220627
1325,2015-05-29,220293
1326,2015-06-05,217354
1327,2015-06-12,217814
1328,2015-06-19,218494
1329,2015-06-26,216737
1330,2015-07-03,217952
1331,2015-07-10,218010
1332,2015-07-17,216285
1333,2015-07-24,215922
1334,2015-07-31,216733
1335,2015-08-07,215482
1336,2015-08-14,212774
1337,2015-08-21,214434
1338,2015-08-28,214163
1339,2015-09-04,214547
1340,2015-09-11,217387
1341,2015-09-18,218756
1342,2015-09-25,222010
1343,2015-10-02,223920
1344,2015-10-09,221302
1345,2015-10-16,219784
1346,2015-10-23,218647
1347,2015-10-30,215347
1348,2015-11-06,213245
1349,2015-11-13,214254
1350,2015-11-20,216732
1351,2015-11-27,216867
1352,2015-12-04,217653
1353,2015-12-11,219384
1354,2015-12-18,220495
1355,2015-12-25,221420
1356,2016-01-01,231996
1357,2016-01-08,240434
1358,2016-01-15,244997
1359,2016-01-22,248461
1360,2016-01-29,254399
1361,2016-02-05,255657
1362,2016-02-12,258693
1363,2016-02-19,256457
1364,2016-02-26,254989
1365,2016-03-04,250463
1366,2016-03-11,249716
1367,2016-03-18,245074
1368,2016-03-25,242560
1369,2016-04-01,243998
1370,2016-04-08,239761
1371,2016-04-15,239651
1372,2016-04-22,241259
1373,2016-04-29,241795
1374,2016-05-06,240564
1375,2016-05-13,238068
1376,2016-05-20,240111
1377,2016-05-27,238619
1378,2016-06-03,239629
1379,2016-06-10,237004
1380,2016-06-17,237631
1381,2016-06-24,238998
1382,2016-07-01,238876
1383,2016-07-08,240089
1384,2016-07-15,241000
1385,2016-07-22,241452
1386,2016-07-29,238190
1387,2016-08-05,235383
1388,2016-08-12,232659
1389,2016-08-19,232695
1390,2016-08-26,232004
1391,2016-09-02,227793
1392,2016-09-09,228360
1393,2016-09-16,225156
1394,2016-09-23,227183
1395,2016-09-30,227405
1396,2016-10-07,225498
1397,2016-10-14,227967
1398,2016-10-21,226011
1399,2016-10-28,223804
1400,2016-11-04,220963
1401,2016-11-11,221709
1402,2016-11-18,224026
1403,2016-11-25,226123
1404,2016-12-02,229548
1405,2016-12-09,230045
1406,2016-12-16,228736
1407,2016-12-23,227143
1408,2016-12-30,235450
1409,2017-01-06,240473
1410,2017-01-13,246424
1411,2017-01-20,253220
1412,2017-01-27,257086
1413,2017-02-03,256217
1414,2017-02-10,259063
1415,2017-02-17,256435
1416,2017-02-24,255889
1417,2017-03-03,249334
1418,2017-03-10,246279
1419,2017-03-17,243468
1420,2017-03-24,239721
1421,2017-03-31,239103
1422,2017-04-07,236130
1423,2017-04-14,237672
1424,2017-04-21,241041
1425,2017-04-28,241232
1426,2017-05-05,241082
1427,2017-05-12,240669
1428,2017-05-19,239882
1429,2017-05-26,237024
1430,2017-06-02,240348
1431,2017-06-09,242444
1432,2017-06-16,241866
1433,2017-06-23,240972
1434,2017-06-30,237303
1435,2017-07-07,235656
1436,2017-07-14,231211
1437,2017-07-21,230196
1438,2017-07-28,227679
1439,2017-08-04,231103
1440,2017-08-11,231125
1441,2017-08-18,229902
1442,2017-08-25,229937
1443,2017-09-01,226738
1444,2017-09-08,218310
1445,2017-09-15,216185
1446,2017-09-22,217292
1447,2017-09-29,218936
1448,2017-10-06,221426
1449,2017-10-13,222334
1450,2017-10-20,216869
1451,2017-10-27,212849
1452,2017-11-03,209537
1453,2017-11-10,210431
1454,2017-11-17,210475
1455,2017-11-24,214102
1456,2017-12-01,220882
1457,2017-12-08,226546
1458,2017-12-15,227783
1459,2017-12-22,228374
1460,2017-12-29,233187
1461,2018-01-05,237322
1462,2018-01-12,240942
1463,2018-01-19,244040
1464,2018-01-26,242060
1465,2018-02-02,245474
1466,2018-02-09,249073
1467,2018-02-16,249334
1468,2018-02-23,251817
1469,2018-03-02,251029
1470,2018-03-09,244758
1471,2018-03-16,243065
1472,2018-03-23,239593
1473,2018-03-30,238477
1474,2018-04-06,238935
1475,2018-04-13,235967
1476,2018-04-20,236807
1477,2018-04-27,237978
1478,2018-05-04,235804
1479,2018-05-11,232014
1480,2018-05-18,233897
1481,2018-05-25,234431
1482,2018-06-01,239034
1483,2018-06-08,236763
1484,2018-06-15,240040
1485,2018-06-22,241196
1486,2018-06-29,239691
1487,2018-07-06,238997
1488,2018-07-13,235832
1489,2018-07-20,233504
1490,2018-07-27,230968
1491,2018-08-03,233868
1492,2018-08-10,233128
1493,2018-08-17,234328
1494,2018-08-24,232774
1495,2018-08-31,234619
1496,2018-09-07,235869
1497,2018-09-14,234150
1498,2018-09-21,235680
1499,2018-09-28,235221
1500,2018-10-05,236172
1501,2018-10-12,234156
1502,2018-10-19,229330
1503,2018-10-26,226169
1504,2018-11-02,228021
1505,2018-11-09,226610
1506,2018-11-16,225315
1507,2018-11-23,224551
1508,2018-11-30,226250
1509,2018-12-07,228337
1510,2018-12-14,230103
1511,2018-12-21,233106
1512,2018-12-28,239996
1513,2019-01-04,248062
1514,2019-01-11,255565
1515,2019-01-18,259615
1516,2019-01-25,257380
1517,2019-02-01,257893
1518,2019-02-08,258301
1519,2019-02-15,256847
1520,2019-02-22,254941
1521,2019-03-01,250714
1522,2019-03-08,246090
1523,2019-03-15,241503
1524,2019-03-22,238620
1525,2019-03-29,236839
1526,2019-04-05,229129
1527,2019-04-12,227955
1528,2019-04-19,225826
1529,2019-04-26,226743
1530,2019-05-03,226147
1531,2019-05-10,225024
1532,2019-05-17,228740
1533,2019-05-24,230944
1534,2019-05-31,234149
1535,2019-06-07,234913
1536,2019-06-14,233221
1537,2019-06-21,232225
1538,2019-06-28,230642
1539,2019-07-05,229187
1540,2019-07-12,232752
1541,2019-07-19,232526
1542,2019-07-26,230735
1543,2019-08-02,235172
1544,2019-08-09,233760
1545,2019-08-16,234072
1546,2019-08-23,231982
1547,2019-08-30,229586
1548,2019-09-06,228904
1549,2019-09-13,229685
1550,2019-09-20,230204
1551,2019-09-27,229976
1552,2019-10-04,228763
1553,2019-10-11,226201
1554,2019-10-18,223094
1555,2019-10-25,220057
1556,2019-11-01,217229
1557,2019-11-08,219090
1558,2019-11-15,220846
1559,2019-11-22,225978
1560,2019-11-29,229363
1561,2019-12-06,234768
1562,2019-12-13,237297
1563,2019-12-20,239260
1564,2019-12-27,242472
1565,2020-01-03,251609
1566,2020-01-10,258287
1567,2020-01-17,260032
1568,2020-01-24,261235
1569,2020-01-31,261144
1570,2020-02-07,261049
1571,2020-02-14,259078
1572,2020-02-21,256387
1573,2020-02-28,252048
1574,2020-03-06,246999
1575,2020-03-13,240819
1576,2020-03-20,239282
1577,2020-03-27,246806
1578,2020-04-03,257303
1579,2020-04-10,262217
1580,2020-04-17,263234
1581,2020-04-24,259565
1582,2020-05-01,256407
1583,2020-05-08,252894
1584,2020-05-15,255724
1585,2020-05-22,255000
1586,2020-05-29,257795
1587,2020-06-05,258661
1588,2020-06-12,256995
1589,2020-06-19,255322
1590,2020-06-26,256521
1591,2020-07-03,251682
1592,2020-07-10,248535
1593,2020-07-17,246733
1594,2020-07-24,247387
1595,2020-07-31,247806
1596,2020-08-07,247084
1597,2020-08-14,243762
1598,2020-08-21,239179
1599,2020-08-28,234859
1600,2020-09-04,231905
1601,2020-09-11,231524
1602,2020-09-18,227499
